20101,6408,154,0,0,4875,0,892,725,494,0
20102,1536,46,0,0,2060,0,237,271,216,0
20103,454,17,0,0,881,0,76,91,61,0
20104,980,53,0,0,2236,0,197,225,171,0
20105,614,44,0,0,797,0,131,135,99,0
20106,709,33,0,0,1201,0,140,131,103,0
20201,3975,125,0,0,4027,0,657,460,353,0
20202,5261,145,0,0,4660,0,834,592,397,0
20203,1004,36,0,0,1323,0,205,165,98,0
20204,585,29,0,0,940,0,117,127,66,0
20205,891,38,0,0,1604,0,172,119,135,0
20206,616,21,0,0,1283,0,103,116,98,0
20207,552,23,0,0,766,0,82,63,50,0
20301,9926,340,0,0,9984,0,1462,1014,945,0
20302,794,29,0,0,1138,0,150,98,115,0
20303,697,28,0,0,773,0,118,88,76,0
20304,310,20,0,0,662,0,81,47,56,0
20305,128,12,0,0,417,0,12,23,20,0
20306,259,13,0,0,496,0,61,58,50,0
20401,2020,68,0,0,2548,0,306,211,198,0
20402,199,10,0,0,443,0,36,37,27,0
20403,288,17,0,0,756,0,43,50,38,0
20404,586,29,0,0,947,0,146,72,91,0
20501,3079,93,0,0,3529,0,456,375,309,0
20502,1104,36,0,0,1342,0,228,136,134,0
20503,378,12,0,0,846,0,83,68,61,0
20504,411,20,0,0,606,0,84,44,36,0
20505,423,13,0,0,605,0,64,67,63,0
20506,405,10,0,0,610,0,53,36,47,0
20601,1195,33,0,0,530,0,153,100,50,0
20602,1619,95,0,0,1102,0,259,169,110,0
20603,1048,27,0,0,684,0,167,127,78,0
20604,1187,30,0,0,787,0,198,87,95,0
20605,672,19,0,0,457,0,107,73,50,0
20606,1302,33,0,0,739,0,218,124,89,0
20607,1517,85,0,0,1192,0,259,137,112,0
20608,1338,95,0,0,869,0,199,118,80,0
20609,630,23,0,0,575,0,157,70,55,0
20701,2772,88,0,0,2451,0,401,244,190,0
20702,1037,53,0,0,1235,0,138,99,132,0
20703,1487,40,0,0,1298,0,291,127,136,0
20704,466,16,0,0,582,0,51,62,44,0
20801,845,26,0,0,687,0,106,107,42,0
20802,4418,96,0,0,3499,0,518,447,355,0
20803,1780,38,0,0,1529,0,180,178,127,0
20804,3256,115,0,0,2487,0,397,345,197,0
20805,1370,31,0,0,1083,0,170,98,106,0
20806,2343,67,0,0,2851,0,282,240,182,0
20807,1625,49,0,0,2568,0,233,253,205,0
20808,1231,54,0,0,1187,0,156,124,101,0
20809,247,11,0,0,265,0,26,37,18,0
20810,800,35,0,0,984,0,141,115,79,0
20811,1334,50,0,0,1563,0,226,149,118,0
20812,885,41,0,0,1317,0,119,130,95,0
20813,992,29,0,0,888,0,158,74,97,0
20814,884,28,0,0,908,0,114,136,92,0
20901,1662,69,0,0,1834,0,235,198,133,0
20902,752,26,0,0,1624,0,123,142,95,0
20903,258,18,0,0,587,0,54,54,34,0
20904,1044,12,0,0,992,0,156,113,123,0
20905,474,22,0,0,891,0,76,80,61,0
20906,751,39,0,0,1110,0,160,112,120,0
20907,770,19,0,0,1181,0,127,95,107,0
20908,143,4,0,0,399,0,28,23,27,0
21001,3338,98,0,0,2524,0,444,314,225,0
21002,771,23,0,0,619,0,126,72,70,0
21003,1133,41,0,0,1268,0,200,147,110,0
21004,681,21,0,0,845,0,99,108,92,0
21005,807,15,0,0,803,0,93,91,69,0
21006,146,5,0,0,300,0,19,25,17,0
21007,516,23,0,0,655,0,99,58,81,0
21101,9446,288,0,0,12162,0,1524,1325,1286,0
21102,1949,59,0,0,2584,0,340,300,303,0
21103,625,42,0,0,1375,0,119,135,148,0
21104,749,39,0,0,1886,0,129,152,133,0
21201,1175,54,0,0,1237,0,170,113,104,0
21202,673,22,0,0,778,0,96,74,90,0
21203,2171,71,0,0,2066,0,344,314,201,0
21204,850,24,0,0,1145,0,138,107,97,0
21205,527,22,0,0,568,0,86,62,49,0
21301,465,13,0,0,791,0,57,64,49,0
21302,649,30,0,0,1333,0,97,90,74,0
21303,2908,83,0,0,3479,0,397,324,228,0
21401,6032,184,0,0,4958,0,984,739,560,0
21402,967,26,0,0,1426,0,126,122,92,0
21403,698,34,0,0,1008,0,113,105,93,0
21404,430,22,0,0,580,0,65,51,19,0
21405,547,24,0,0,574,0,91,72,65,0
21406,1481,39,0,0,1761,0,259,163,140,0
21407,2405,78,0,0,2012,0,326,278,223,0
21408,1425,63,0,0,1897,0,222,174,136,0
21501,5576,163,0,0,4580,0,774,717,569,0
21502,410,21,0,0,862,0,97,97,62,0
21503,2986,77,0,0,3789,0,511,411,320,0
21504,1785,52,0,0,2625,0,295,296,228,0
21601,952,66,0,0,2486,0,161,264,182,0
21602,325,19,0,0,746,0,77,63,54,0
21603,400,25,0,0,942,0,57,96,58,0
21604,2718,110,0,0,4180,0,551,405,376,0
21605,643,42,0,0,1389,0,112,119,107,0
21606,432,23,0,0,763,0,82,49,88,0
21701,444,13,0,0,1086,0,77,87,89,0
21702,347,11,0,0,751,0,57,54,48,0
21703,425,19,0,0,821,0,42,56,57,0
21704,3167,103,0,0,3386,0,424,370,329,0
21705,575,26,0,0,1359,0,85,119,84,0
21801,559,26,0,0,1201,0,104,99,88,0
21802,520,10,0,0,879,0,72,66,59,0
21803,2420,84,0,0,2026,0,471,343,262,0
21804,2548,60,0,0,2723,0,317,300,254,0
21805,392,13,0,0,1049,0,63,42,61,0
21901,10097,261,0,0,7232,0,2291,1066,899,0
21902,3638,133,0,0,2877,0,604,379,312,0
21903,480,19,0,0,825,0,87,54,57,0
21904,1017,61,0,0,1418,0,212,189,157,0
21905,606,23,0,0,1110,0,124,80,78,0
21906,2897,95,0,0,3874,0,572,453,307,0
21907,2131,62,0,0,2465,0,543,271,285,0
21908,1427,63,0,0,1773,0,285,191,191,0
22001,3433,91,0,0,3018,0,541,442,294,0
22002,773,43,0,0,1527,0,105,132,99,0
22003,3350,99,0,0,3720,0,516,493,324,0
22004,1761,29,0,0,1735,0,287,195,143,0
22005,622,22,0,0,805,0,126,108,86,0
22006,1538,55,0,0,1920,0,232,212,178,0
22101,1908,61,0,0,1425,0,343,164,150,0
22102,741,28,0,0,526,0,160,62,54,0
22103,1364,21,0,0,740,0,257,75,82,0
22104,561,27,0,0,741,0,111,84,66,0
22105,1206,23,0,0,950,0,217,136,94,0
22106,969,38,0,0,714,0,159,91,67,0
22107,597,23,0,0,612,0,123,63,66,0
22108,750,18,0,0,718,0,128,72,54,0
22201,2267,72,0,0,2061,0,359,332,157,0
22202,527,26,0,0,1562,0,93,92,76,0
22203,2853,96,0,0,3413,0,403,396,285,0
22301,3199,75,0,0,2193,0,528,414,265,0
22302,5642,139,0,0,4615,0,1047,708,580,0
22303,330,17,0,0,568,0,73,61,42,0
22304,3996,105,0,0,3312,0,658,476,471,0
22305,3909,109,0,0,2215,0,675,422,360,0
22306,461,14,0,0,600,0,73,58,71,0
22307,1625,63,0,0,1895,0,277,264,161,0
22308,4109,92,0,0,2855,0,780,596,425,0
22309,1774,48,0,0,1486,0,319,240,167,0
22401,628,29,0,0,756,0,116,50,97,0
22402,251,6,0,0,470,0,29,41,35,0
22403,871,38,0,0,1219,0,164,93,123,0
22404,532,22,0,0,807,0,66,58,59,0
22405,3194,76,0,0,3170,0,284,259,270,0
22406,1764,65,0,0,2595,0,239,174,186,0
22407,538,19,0,0,701,0,76,57,56,0
22501,519,8,0,0,529,0,79,64,64,0
22502,5157,141,0,0,3943,0,615,408,760,0
22503,2584,93,0,0,2750,0,427,368,308,0
22504,817,37,0,0,1048,0,165,109,136,0
22505,536,18,0,0,963,0,71,90,126,0
22506,861,34,0,0,1036,0,150,110,110,0
22507,933,35,0,0,1171,0,134,108,218,0
22601,479,25,0,0,394,0,70,35,46,0
22602,2545,60,0,0,2000,0,346,221,208,0
22603,415,12,0,0,632,0,79,50,44,0
22604,848,25,0,0,858,0,117,103,83,0
22605,380,21,0,0,986,0,47,63,49,0
22606,750,34,0,0,1000,0,107,86,89,0
26101,15844,383,0,0,9052,0,2349,1338,901,0
26201,14276,456,0,0,13315,0,2442,1505,1198,0
26401,136307,4201,0,0,80244,0,24248,15842,10338,0
26501,18437,512,0,0,11440,0,2808,1298,1347,0
40101,1737,47,0,0,1430,0,275,142,147,0
40102,2892,66,0,0,2387,0,297,172,205,0
40103,255,6,0,0,267,0,27,30,46,0
40104,1050,35,0,0,1591,0,162,129,145,0
40105,371,16,0,0,660,0,55,44,48,0
40106,188,9,0,0,509,0,35,26,22,0
40107,309,12,0,0,499,0,48,45,67,0
40108,291,15,0,0,809,0,47,35,53,0
40109,297,10,0,0,513,0,53,14,34,0
40201,3752,80,0,0,3203,0,414,216,1580,0
40202,413,22,0,0,932,0,75,37,292,0
40203,718,10,0,0,940,0,103,43,508,0
40204,235,5,0,0,648,0,18,30,184,0
40205,264,13,0,0,636,0,34,26,141,0
40206,293,9,0,0,749,0,18,21,189,0
40207,605,31,0,0,1228,0,77,61,264,0
40208,209,15,0,0,555,0,25,32,169,0
40209,327,15,0,0,762,0,30,27,122,0
40210,477,9,0,0,600,0,65,31,282,0
40301,4379,51,0,0,2330,0,662,403,294,0
40302,976,27,0,0,988,0,159,158,86,0
40303,1639,45,0,0,1468,0,248,181,148,0
40304,2980,69,0,0,2842,0,371,269,249,0
40305,1553,23,0,0,1106,0,242,134,115,0
40306,3746,69,0,0,1509,0,460,274,232,0
40307,1576,40,0,0,1164,0,178,203,119,0
40308,2791,84,0,0,1818,0,361,309,216,0
40401,3045,83,0,0,2057,0,421,219,277,0
40402,522,10,0,0,582,0,102,77,74,0
40403,452,19,0,0,615,0,71,54,70,0
40404,394,21,0,0,698,0,76,51,61,0
40405,332,8,0,0,524,0,38,24,81,0
40406,481,25,0,0,685,0,77,62,81,0
40407,692,29,0,0,890,0,135,76,96,0
40501,1392,46,0,0,1581,0,187,126,257,0
40502,302,16,0,0,686,0,57,39,46,0
40503,763,34,0,0,1294,0,108,58,162,0
40504,1152,40,0,0,1511,0,181,122,172,0
40505,234,14,0,0,763,0,51,35,94,0
40506,259,14,0,0,608,0,48,24,64,0
40601,1567,35,0,0,1458,0,238,137,172,0
40602,487,21,0,0,896,0,69,65,72,0
40603,667,30,0,0,992,0,80,67,67,0
40604,276,21,0,0,551,0,53,35,76,0
40605,309,11,0,0,554,0,62,38,40,0
40606,175,14,0,0,548,0,31,27,55,0
40701,15862,234,0,0,8529,0,1292,734,566,0
40702,432,13,0,0,722,0,50,36,45,0
40703,1677,37,0,0,1712,0,189,169,160,0
40704,1615,34,0,0,1575,0,152,111,120,0
40705,1692,36,0,0,1609,0,186,176,118,0
40706,2374,44,0,0,2675,0,202,173,143,0
40707,1249,37,0,0,1231,0,109,106,82,0
40708,417,11,0,0,718,0,42,46,35,0
40709,1113,20,0,0,1231,0,154,94,87,0
40801,1940,34,0,0,1651,0,224,119,128,0
40802,368,7,0,0,406,0,34,22,21,0
40803,183,3,0,0,449,0,12,22,23,0
40804,612,27,0,0,1189,0,50,56,57,0
40805,568,16,0,0,892,0,83,34,77,0
40806,1095,24,0,0,1421,0,115,70,78,0
40807,777,19,0,0,1084,0,77,58,70,0
40808,349,15,0,0,779,0,25,23,26,0
40809,624,20,0,0,819,0,73,53,62,0
40901,450,16,0,0,615,0,57,39,33,0
40902,429,8,0,0,697,0,52,32,37,0
40903,3242,82,0,0,3157,0,416,322,282,0
40904,1368,35,0,0,1484,0,169,122,96,0
41001,1590,45,0,0,1770,0,139,102,95,0
41002,974,35,0,0,1137,0,96,61,164,0
41003,4940,110,0,0,3914,0,563,364,302,0
41004,768,25,0,0,979,0,100,40,58,0
41005,3733,83,0,0,2814,0,348,298,262,0
41101,814,15,0,0,871,0,103,42,71,0
41102,231,7,0,0,677,0,29,32,29,0
41103,373,17,0,0,815,0,51,45,46,0
41104,579,34,0,0,1260,0,123,57,65,0
41105,662,32,0,0,1491,0,125,73,70,0
41106,353,11,0,0,687,0,46,44,54,0
41107,418,24,0,0,793,0,69,23,48,0
41201,2200,51,0,0,2095,0,278,153,185,0
41202,383,21,0,0,742,0,53,42,78,0
41203,277,11,0,0,767,0,53,40,41,0
41204,502,14,0,0,937,0,93,58,128,0
41205,317,14,0,0,1063,0,54,35,70,0
41206,235,14,0,0,552,0,47,23,77,0
41301,604,33,0,0,826,0,119,73,104,0
41302,2049,66,0,0,1913,0,285,179,227,0
41303,405,16,0,0,635,0,42,37,58,0
41304,1327,54,0,0,1753,0,232,125,133,0
41401,392,17,0,0,746,0,49,44,43,0
41402,828,20,0,0,755,0,115,61,96,0
41403,378,5,0,0,723,0,88,48,80,0
41404,716,31,0,0,1074,0,120,115,104,0
41405,375,9,0,0,651,0,63,54,42,0
41406,1087,40,0,0,1079,0,116,119,82,0
41407,634,14,0,0,621,0,89,62,56,0
41408,1145,35,0,0,1301,0,139,116,112,0
41409,4921,129,0,0,3526,0,689,373,328,0
41410,367,13,0,0,506,0,64,44,44,0
41411,552,16,0,0,764,0,79,40,58,0
41501,1834,54,0,0,1532,0,257,180,137,0
41502,809,29,0,0,1291,0,118,123,106,0
41503,762,27,0,0,972,0,111,79,63,0
41504,2874,81,0,0,2710,0,431,279,289,0
41505,869,37,0,0,1031,0,150,101,112,0
41506,1554,37,0,0,1159,0,189,158,119,0
41507,2277,64,0,0,2248,0,339,199,238,0
41508,864,17,0,0,579,0,140,81,77,0
41509,1996,58,0,0,1613,0,314,171,215,0
41601,681,21,0,0,1046,0,85,89,83,0
41602,478,14,0,0,782,0,69,74,50,0
41603,333,18,0,0,755,0,55,52,50,0
41604,511,14,0,0,1002,0,75,76,80,0
41605,522,8,0,0,1033,0,65,67,62,0
41606,2693,65,0,0,2990,0,308,266,243,0
41701,2056,56,0,0,1309,0,270,127,161,0
41702,199,7,0,0,369,0,31,41,64,0
41703,323,10,0,0,564,0,61,39,55,0
41704,396,26,0,0,576,0,69,39,55,0
41705,625,38,0,0,1045,0,133,91,123,0
41801,467,14,0,0,505,0,84,41,54,0
41802,235,5,0,0,564,0,43,26,26,0
41803,297,9,0,0,494,0,21,20,37,0
41804,1365,50,0,0,1481,0,227,119,126,0
41805,658,32,0,0,972,0,88,62,68,0
41806,431,46,0,0,774,0,73,35,48,0
41807,1388,30,0,0,1020,0,192,92,67,0
41808,467,20,0,0,1279,0,74,55,56,0
41809,272,15,0,0,605,0,63,21,31,0
41810,332,18,0,0,836,0,66,39,41,0
41811,453,29,0,0,1085,0,77,62,84,0
41812,828,32,0,0,1526,0,129,66,109,0
41813,882,19,0,0,895,0,136,55,68,0
41901,2178,38,0,0,1434,0,248,148,132,0
41902,519,19,0,0,788,0,57,53,50,0
41903,933,33,0,0,1154,0,162,76,114,0
41904,1150,39,0,0,1341,0,171,111,96,0
41905,827,19,0,0,964,0,89,65,58,0
41906,2884,74,0,0,3465,0,359,285,200,0
46101,71087,1348,0,0,43345,0,8692,5688,3873,0
46201,14835,285,0,0,9587,0,1907,947,848,0
46301,40496,1113,0,0,24951,0,5504,3283,2413,0
46401,18333,408,0,0,12219,0,2634,1475,983,0
60101,1672,29,0,0,3820,0,116,259,176,39
60102,823,14,0,0,972,0,49,85,67,53
60103,1612,24,0,0,2721,0,95,233,149,34
60104,283,9,0,0,1141,0,26,64,65,8
60105,522,9,0,0,922,0,30,73,64,2
60106,403,8,0,0,837,0,20,35,28,5
60107,386,10,0,0,803,0,29,39,32,15
60108,326,10,0,0,966,0,16,42,46,9
60109,363,11,0,0,1052,0,37,46,224,11
60110,587,12,0,0,2647,0,43,124,103,10
60111,491,10,0,0,1458,0,46,65,64,14
60112,227,10,0,0,570,0,13,31,39,4
60113,148,4,0,0,587,0,11,32,43,5
60114,237,7,0,0,467,0,17,20,21,4
60115,185,2,0,0,413,0,14,22,27,4
60116,526,12,0,0,1450,0,38,80,71,14
60117,197,3,0,0,630,0,12,38,46,0
60118,498,7,0,0,1035,0,47,61,57,11
60119,413,4,0,0,831,0,18,44,31,4
60201,3201,49,0,0,5193,0,337,536,463,48
60202,131,2,0,0,828,0,16,59,43,4
60203,828,20,0,0,3327,0,72,226,175,24
60204,202,5,0,0,973,0,23,46,49,11
60205,326,16,0,0,1472,0,38,97,78,9
60206,183,12,0,0,1151,0,18,74,37,9
60207,507,14,0,0,1329,0,67,82,127,7
60208,297,10,0,0,1627,0,47,117,119,12
60209,205,7,0,0,1143,0,15,51,49,4
60210,172,10,0,0,1070,0,17,55,47,3
60211,183,11,0,0,1628,0,18,68,76,4
60212,470,9,0,0,1682,0,39,91,109,3
60213,260,5,0,0,900,0,19,36,55,3
60214,330,9,0,0,2016,0,25,91,76,18
60301,338,10,0,0,731,0,45,34,34,8
60302,165,12,0,0,555,0,24,29,20,2
60303,1153,40,0,0,2711,0,120,223,198,35
60304,328,20,0,0,1376,0,50,86,72,19
60305,217,19,0,0,408,0,29,41,13,2
60306,223,8,0,0,805,0,38,48,36,3
60307,268,7,0,0,607,0,29,27,43,3
60308,202,7,0,0,828,0,25,28,18,4
60309,369,11,0,0,771,0,20,58,44,9
60310,308,9,0,0,1003,0,50,50,61,6
60311,293,14,0,0,1158,0,48,60,55,9
60312,246,8,0,0,1045,0,38,59,61,5
60313,171,10,0,0,863,0,17,35,30,6
60314,188,5,0,0,539,0,13,32,34,4
60315,346,19,0,0,1091,0,61,70,58,12
60401,2117,41,0,0,3015,0,231,223,299,34
60402,340,12,0,0,1002,0,21,37,69,9
60403,274,13,0,0,907,0,24,45,58,5
60404,519,19,0,0,2004,0,56,91,163,9
60405,458,14,0,0,1379,0,39,53,112,10
60406,211,6,0,0,919,0,25,24,48,4
60407,191,9,0,0,1139,0,30,42,49,4
60408,481,16,0,0,2043,0,60,93,194,19
60501,175,4,0,0,1046,0,7,50,27,7
60502,88,8,0,0,1204,0,5,31,34,2
60503,179,13,0,0,2208,0,14,108,72,5
60504,133,7,0,0,2468,0,14,94,73,1
60505,1290,28,0,0,4198,0,139,300,176,40
60506,370,19,0,0,1785,0,38,94,81,11
60507,197,9,0,0,1138,0,13,51,48,7
60601,2393,52,0,0,3182,0,275,335,232,37
60602,262,12,0,0,1275,0,44,77,51,8
60603,261,10,0,0,763,0,28,50,73,9
60604,426,23,0,0,1825,0,79,93,92,16
60605,600,17,0,0,1675,0,86,117,117,15
60606,243,15,0,0,747,0,36,50,46,9
60607,165,6,0,0,932,0,27,49,42,3
60609,157,3,0,0,682,0,22,27,35,12
60610,410,4,0,0,688,0,40,45,53,8
60611,249,11,0,0,1287,0,30,38,46,8
60701,4100,123,0,0,6877,0,386,507,459,54
60702,575,23,0,0,1954,0,78,82,73,17
60703,399,9,0,0,1254,0,47,80,81,13
60704,432,20,0,0,1581,0,41,65,63,15
60705,530,14,0,0,1663,0,48,110,80,18
60706,227,13,0,0,1741,0,25,38,52,7
60707,372,28,0,0,1406,0,50,65,63,10
60708,567,14,0,0,2074,0,45,112,161,21
60709,262,10,0,0,1550,0,31,98,79,10
60710,357,5,0,0,1612,0,35,91,73,11
60801,2872,68,0,0,4174,0,394,430,289,90
60802,167,9,0,0,1164,0,19,68,64,13
60803,338,21,0,0,1249,0,45,114,49,22
60804,138,6,0,0,675,0,10,20,21,5
60805,448,20,0,0,1294,0,81,90,71,11
60806,328,7,0,0,1518,0,39,71,85,18
60807,834,20,0,0,2368,0,133,186,150,25
60808,326,15,0,0,1438,0,33,66,49,9
60809,290,5,0,0,1543,0,44,82,76,12
60810,399,14,0,0,1271,0,37,82,65,13
60811,247,3,0,0,871,0,14,54,37,5
60812,230,9,0,0,1383,0,29,95,57,12
60813,209,10,0,0,728,0,13,28,28,17
60901,1052,31,0,0,2890,0,67,179,178,42
60902,278,8,0,0,1069,0,9,49,73,8
60903,826,23,0,0,2606,0,58,198,123,34
60904,634,17,0,0,2121,0,99,162,148,34
60905,1350,27,0,0,2198,0,123,217,189,51
60906,544,21,0,0,1592,0,53,114,77,8
60907,1602,25,0,0,3213,0,195,242,194,40
60908,2183,26,0,0,2472,0,192,318,215,35
60909,347,8,0,0,1080,0,36,44,58,10
60910,876,24,0,0,2580,0,115,255,161,38
60911,2176,49,0,0,4027,0,224,368,276,56
60912,664,12,0,0,1596,0,61,135,107,20
60913,429,12,0,0,1332,0,48,86,61,12
60914,1266,26,0,0,2344,0,158,269,185,45
60915,316,14,0,0,1264,0,16,31,28,6
60916,142,8,0,0,798,0,7,27,36,7
61001,498,17,0,0,1550,0,57,96,73,14
61002,356,12,0,0,1085,0,41,75,71,8
61003,2155,53,0,0,4834,0,275,471,323,84
61004,554,12,0,0,1635,0,73,121,102,12
61005,348,10,0,0,1319,0,45,103,68,8
61006,398,9,0,0,974,0,35,126,77,17
61101,2920,80,0,0,6195,0,363,514,447,96
61102,242,8,0,0,596,0,30,39,35,4
61103,305,12,0,0,1262,0,40,62,70,6
61104,420,20,0,0,2236,0,58,117,122,11
61105,765,49,0,0,4466,0,88,231,207,30
61106,146,12,0,0,954,0,21,51,39,6
61107,448,23,0,0,2295,0,41,87,78,20
61108,262,13,0,0,2197,0,35,83,68,11
61109,211,16,0,0,2539,0,31,128,72,12
61110,272,18,0,0,1607,0,28,51,73,7
61111,177,12,0,0,1211,0,23,52,47,7
61201,268,3,0,0,1422,0,18,88,251,10
61202,423,14,0,0,1366,0,48,76,112,17
61203,411,9,0,0,1005,0,40,66,71,14
61204,303,5,0,0,996,0,32,62,74,5
61205,1330,45,0,0,3301,0,215,226,291,31
61206,1394,24,0,0,3009,0,121,151,148,26
61207,247,13,0,0,1126,0,27,45,48,6
61301,319,5,0,0,722,0,27,43,51,5
61302,229,8,0,0,895,0,24,96,96,6
61303,218,7,0,0,805,0,30,56,78,10
61304,1599,45,0,0,2680,0,151,204,190,31
61305,135,2,0,0,366,0,8,37,33,4
61306,256,9,0,0,1022,0,27,53,69,5
61307,222,6,0,0,496,0,23,29,44,8
61401,7205,176,0,0,8678,0,986,831,658,178
61402,217,13,0,0,928,0,46,73,53,5
61403,363,5,0,0,825,0,57,52,56,13
61404,742,25,0,0,1390,0,98,90,106,21
61405,699,21,0,0,1993,0,105,166,152,30
61406,543,30,0,0,1700,0,92,162,101,21
61407,185,7,0,0,679,0,25,49,56,11
61408,1226,33,0,0,2349,0,155,194,146,32
61409,1016,48,0,0,2517,0,176,173,169,38
61410,226,22,0,0,1100,0,37,133,70,12
61411,411,23,0,0,1613,0,55,114,70,15
61501,1738,41,0,0,3244,0,164,257,215,65
61502,338,4,0,0,1266,0,41,54,40,2
61503,322,10,0,0,1088,0,34,63,40,8
61504,302,9,0,0,2069,0,34,107,72,62
61505,282,12,0,0,957,0,22,78,61,10
61506,386,9,0,0,1992,0,44,107,73,10
61507,216,10,0,0,1667,0,20,59,54,7
61508,376,12,0,0,1345,0,56,98,93,14
61601,1971,56,0,0,2856,0,344,250,209,43
61602,225,16,0,0,2024,0,48,87,93,13
61603,182,7,0,0,1165,0,13,33,66,4
61604,1873,62,0,0,4285,0,290,293,330,28
61605,433,11,0,0,1228,0,55,45,62,8
61606,248,10,0,0,719,0,38,45,73,5
61701,4782,142,0,0,7499,0,679,1050,558,117
61702,817,27,0,0,2055,0,89,194,117,21
61703,1018,25,0,0,2197,0,82,126,88,15
61704,173,7,0,0,924,0,17,57,36,6
61705,473,33,0,0,1817,0,66,104,82,12
61801,2242,44,0,0,3785,0,233,314,538,44
61802,203,8,0,0,626,0,39,28,52,7
61803,152,4,0,0,824,0,12,25,48,7
61804,180,5,0,0,774,0,16,29,77,4
61805,380,13,0,0,878,0,36,72,117,7
61806,388,18,0,0,1307,0,55,28,78,6
61807,192,8,0,0,1252,0,30,69,119,8
61808,494,13,0,0,1737,0,35,56,129,14
61809,148,11,0,0,972,0,21,53,51,5
61810,193,11,0,0,878,0,14,52,82,10
61811,565,22,0,0,2594,0,73,170,270,11
61812,278,10,0,0,1239,0,29,41,101,5
61813,224,7,0,0,951,0,35,31,90,3
61901,1963,41,0,0,2130,0,210,178,173,30
61902,246,5,0,0,552,0,27,42,50,6
61903,321,10,0,0,635,0,30,41,34,9
61904,160,5,0,0,530,0,25,17,17,3
61905,362,7,0,0,950,0,36,51,38,5
61906,606,22,0,0,1006,0,59,87,66,17
61907,351,11,0,0,768,0,30,44,36,8
61908,202,10,0,0,495,0,21,28,31,3
62001,217,14,0,0,1191,0,29,38,78,2
62002,161,7,0,0,961,0,30,37,54,1
62003,467,7,0,0,1205,0,27,49,72,12
62004,379,11,0,0,2077,0,54,80,123,6
62005,263,8,0,0,1669,0,46,75,142,7
62006,328,9,0,0,1222,0,38,47,63,4
62007,274,7,0,0,1221,0,28,30,119,7
62008,233,3,0,0,1562,0,24,79,86,4
62009,278,14,0,0,1674,0,35,72,152,10
62010,209,12,0,0,1320,0,32,67,69,8
62011,300,11,0,0,1369,0,33,60,101,9
62012,194,11,0,0,996,0,34,46,69,4
62013,660,20,0,0,2387,0,100,137,146,19
62014,1805,51,0,0,4913,0,256,369,645,63
62015,626,18,0,0,1309,0,82,65,86,18
66101,8490,101,0,0,10090,0,536,974,569,119
66201,8235,151,0,0,10580,0,986,968,921,123
66301,57378,1179,0,0,57754,0,5734,6956,4504,1257
66401,7696,165,0,0,11188,0,923,871,1587,131
80101,2819,72,0,0,1810,0,492,252,160,0
80102,897,24,0,0,963,0,143,55,50,0
80103,1182,31,0,0,1287,0,191,90,94,0
80104,1753,38,0,0,1016,0,221,144,84,0
80105,777,24,0,0,789,0,155,68,63,0
80106,1108,25,0,0,1035,0,178,97,71,0
80107,1208,39,0,0,1514,0,254,141,111,0
80201,2651,67,0,0,1348,0,448,213,187,0
80202,359,7,0,0,379,0,52,38,46,0
80203,215,14,0,0,254,0,39,24,21,0
80204,416,9,0,0,544,0,71,47,62,0
80205,639,30,0,0,738,0,140,77,104,0
80206,2755,56,0,0,1942,0,343,207,186,0
80207,231,5,0,0,343,0,38,18,18,0
80301,555,13,0,0,518,0,44,31,32,0
80302,4109,95,0,0,2648,0,557,288,275,0
80303,697,16,0,0,621,0,100,47,67,0
80304,518,18,0,0,569,0,90,75,46,0
80305,1737,54,0,0,1435,0,272,136,123,0
80306,767,16,0,0,785,0,139,61,61,0
80401,6355,112,0,0,4787,0,797,501,399,0
80402,727,18,0,0,627,0,108,67,56,0
80403,303,14,0,0,478,0,53,37,33,0
80404,1903,48,0,0,1867,0,276,163,126,0
80405,797,20,0,0,987,0,102,95,71,0
80406,498,14,0,0,786,0,73,34,49,0
80407,894,18,0,0,852,0,101,82,76,0
80408,289,5,0,0,476,0,53,23,21,0
80501,664,12,0,0,751,0,99,56,58,0
80502,371,12,0,0,489,0,59,50,48,0
80503,859,28,0,0,642,0,109,70,64,0
80504,1285,26,0,0,1090,0,188,90,70,0
80505,3327,57,0,0,1717,0,491,226,162,0
80601,773,21,0,0,865,0,105,58,64,0
80602,2146,49,0,0,2187,0,275,184,130,0
80603,374,14,0,0,458,0,45,22,22,0
80604,2401,64,0,0,1842,0,290,137,114,0
80605,352,12,0,0,514,0,68,29,41,0
80701,511,12,0,0,624,0,47,74,35,0
80702,396,17,0,0,392,0,78,25,18,0
80703,472,16,0,0,583,0,72,38,34,0
80704,1954,59,0,0,2101,0,281,186,139,0
80705,683,21,0,0,680,0,149,71,68,0
80801,405,10,0,0,372,0,83,42,33,0
80802,616,27,0,0,559,0,72,77,55,0
80803,622,19,0,0,550,0,106,69,40,0
80804,360,18,0,0,613,0,73,45,44,0
80805,4314,125,0,0,3447,0,591,409,287,0
80806,1309,45,0,0,937,0,199,89,123,0
80901,937,30,0,0,719,0,114,79,75,0
80902,332,12,0,0,350,0,55,41,36,0
80903,1390,35,0,0,1084,0,231,134,96,0
80904,829,17,0,0,601,0,114,39,57,0
80905,1297,37,0,0,1066,0,224,111,127,0
80906,4090,100,0,0,2913,0,631,372,274,0
80907,1233,36,0,0,704,0,195,60,56,0
80908,322,12,0,0,323,0,57,40,23,0
80909,754,19,0,0,384,0,134,53,44,0
81001,316,14,0,0,360,0,69,30,18,0
81002,4089,97,0,0,2806,0,585,297,241,0
81003,316,13,0,0,545,0,48,52,36,0
81004,670,31,0,0,866,0,153,61,60,0
81005,752,8,0,0,565,0,59,49,35,0
81006,289,13,0,0,718,0,46,34,37,0
81007,2280,58,0,0,2510,0,280,190,175,0
81008,179,9,0,0,285,0,31,20,15,0
81009,780,25,0,0,755,0,124,74,76,0
81101,349,14,0,0,220,0,54,45,26,0
81102,5839,152,0,0,4240,0,986,497,436,0
81103,296,7,0,0,329,0,49,25,115,0
81104,731,30,0,0,703,0,109,87,56,0
81105,291,15,0,0,359,0,64,44,37,0
81106,2265,79,0,0,1848,0,382,262,210,0
81107,234,14,0,0,466,0,68,40,35,0
81108,457,22,0,0,664,0,113,59,67,0
81109,348,9,0,0,250,0,62,31,41,0
81110,1255,45,0,0,1498,0,248,141,155,0
81201,1425,49,0,0,1667,0,266,138,101,0
81202,329,14,0,0,856,0,67,57,43,0
81203,2032,78,0,0,3015,0,308,224,182,0
86101,21935,509,0,0,14986,0,3292,1762,1127,0
86201,31220,521,0,0,14836,0,4574,2007,1648,0
100101,5756,421,0,0,11775,0,914,1674,766,0
100102,716,71,0,0,2901,0,148,287,190,0
100103,324,20,0,0,1230,0,73,73,51,0
100104,340,41,0,0,1103,0,72,137,76,0
100105,216,21,0,0,1078,0,59,71,36,0
100106,303,44,0,0,1377,0,52,73,123,0
100107,512,58,0,0,1960,0,95,170,136,0
100108,974,98,0,0,3249,0,207,224,203,0
100201,6533,309,0,0,7257,0,922,585,547,0
100202,351,44,0,0,1050,0,50,69,69,0
100203,110,15,0,0,407,0,23,16,16,0
100204,649,52,0,0,1428,0,104,68,87,0
100205,295,21,0,0,828,0,37,37,39,0
100206,775,52,0,0,1572,0,133,115,117,0
100207,100,15,0,0,420,0,20,28,26,0
100208,247,19,0,0,602,0,47,34,41,0
100209,141,14,0,0,557,0,22,23,18,0
100210,249,20,0,0,829,0,37,26,42,0
100211,1249,68,0,0,1849,0,226,132,108,0
100301,425,41,0,0,1069,0,77,64,83,0
100302,3738,171,0,0,4621,0,679,443,358,0
100303,504,34,0,0,1420,0,74,100,55,0
100304,484,44,0,0,1741,0,98,96,90,0
100305,403,26,0,0,639,0,69,36,41,0
100401,2226,126,0,0,1827,0,283,211,158,0
100402,201,16,0,0,714,0,33,32,34,0
100403,200,25,0,0,975,0,36,51,35,0
100404,313,43,0,0,1205,0,51,52,49,0
100405,579,57,0,0,1796,0,91,93,102,0
100406,389,25,0,0,1308,0,45,56,50,0
100407,300,23,0,0,790,0,45,35,29,0
100408,201,17,0,0,652,0,38,45,43,0
100501,4332,159,0,0,4854,0,535,421,514,0
100502,387,26,0,0,1127,0,41,61,56,0
100503,212,15,0,0,659,0,8,51,50,0
100504,311,19,0,0,1012,0,43,85,78,0
100505,211,16,0,0,768,0,14,41,45,0
100506,218,18,0,0,1127,0,18,43,78,0
100507,613,45,0,0,1672,0,87,103,145,0
100508,377,32,0,0,1349,0,50,62,81,0
100509,736,54,0,0,2089,0,137,126,172,0
100510,561,27,0,0,1106,0,50,75,92,0
100602,2391,133,0,0,2450,0,360,258,263,0
100603,844,36,0,0,1478,0,108,100,102,0
100607,3266,184,0,0,4383,0,481,427,368,0
100608,1204,41,0,0,732,0,158,89,75,0
100610,1561,52,0,0,2060,0,212,222,149,0
100611,1570,102,0,0,2212,0,239,207,155,0
100701,314,35,0,0,1334,0,53,69,44,0
100702,636,82,0,0,2981,0,101,133,152,0
100703,260,17,0,0,1314,0,33,45,40,0
100704,3179,242,0,0,7858,0,451,545,609,0
100705,142,21,0,0,1653,0,18,50,50,0
100706,184,15,0,0,1012,0,22,53,41,0
100707,352,46,0,0,2069,0,35,95,103,0
100708,355,39,0,0,1586,0,58,81,81,0
100801,3156,116,0,0,2723,0,477,338,352,0
100802,11260,504,0,0,9759,0,2078,1089,786,0
100803,484,24,0,0,883,0,93,66,49,0
100804,1040,54,0,0,1391,0,216,135,143,0
100805,1321,52,0,0,1263,0,224,164,133,0
100806,1172,55,0,0,1277,0,193,142,141,0
100807,1008,50,0,0,1386,0,181,128,133,0
100901,1001,62,0,0,2395,0,173,172,444,0
100902,181,20,0,0,1186,0,42,44,55,0
100903,305,32,0,0,1027,0,55,47,61,0
100904,1022,61,0,0,2304,0,182,143,203,0
100905,249,30,0,0,1348,0,59,82,60,0
100906,271,28,0,0,1075,0,53,56,87,0
100907,210,17,0,0,1075,0,45,53,80,0
100908,276,31,0,0,1160,0,47,71,83,0
101001,289,31,0,0,1158,0,39,51,50,0
101002,293,15,0,0,990,0,51,80,52,0
101003,508,52,0,0,2049,0,78,110,94,0
101004,292,32,0,0,1473,0,46,66,62,0
101005,153,19,0,0,761,0,27,22,50,0
101006,853,71,0,0,2984,0,161,223,195,0
101007,250,25,0,0,883,0,31,53,59,0
101008,711,64,0,0,2700,0,98,119,161,0
101009,1501,108,0,0,3543,0,242,226,233,0
101010,566,47,0,0,3083,0,102,142,160,0
101011,708,65,0,0,1875,0,122,171,123,0
101101,360,21,0,0,785,0,49,40,48,0
101102,297,21,0,0,773,0,47,46,29,0
101103,1915,95,0,0,2584,0,252,192,166,0
101104,656,48,0,0,1568,0,82,81,90,0
101105,305,55,0,0,1057,0,64,73,50,0
101106,441,38,0,0,1043,0,56,55,68,0
101201,5927,262,0,0,7103,0,1379,529,519,0
101202,381,24,0,0,771,0,73,70,63,0
101203,482,53,0,0,1151,0,84,85,85,0
101204,498,37,0,0,1257,0,101,82,74,0
101205,358,19,0,0,1516,0,73,85,76,0
101206,346,21,0,0,732,0,80,43,51,0
101207,301,30,0,0,866,0,61,54,50,0
101208,263,28,0,0,970,0,55,50,42,0
101209,303,18,0,0,868,0,73,44,46,0
101210,251,34,0,0,922,0,55,33,57,0
101211,448,32,0,0,1414,0,64,83,249,0
101212,427,25,0,0,1020,0,134,89,73,0
101213,197,26,0,0,1016,0,55,40,40,0
101214,272,43,0,0,1205,0,56,42,68,0
101301,2287,137,0,0,3264,0,289,295,250,0
101302,694,73,0,0,2173,0,112,237,125,0
101303,142,20,0,0,925,0,21,62,39,0
101304,509,56,0,0,1876,0,81,124,89,0
101305,78,13,0,0,462,0,16,17,10,0
101306,204,32,0,0,1190,0,34,180,59,0
101401,6510,412,0,0,7124,0,1037,818,559,0
101402,1062,66,0,0,2926,0,140,163,129,0
101403,173,30,0,0,1118,0,28,70,70,0
101404,541,39,0,0,1277,0,74,78,70,0
101405,355,31,0,0,1064,0,106,71,63,0
101406,244,27,0,0,1054,0,44,45,56,0
101407,162,6,0,0,673,0,32,20,25,0
101408,795,58,0,0,2303,0,146,140,120,0
101409,875,100,0,0,2553,0,159,153,133,0
101410,359,35,0,0,1369,0,75,93,80,0
101411,457,40,0,0,1556,0,89,71,86,0
101501,295,30,0,0,754,0,62,62,51,0
101502,290,30,0,0,1820,0,36,70,70,0
101503,102,21,0,0,716,0,32,37,45,0
101504,213,27,0,0,604,0,43,49,52,0
101505,198,29,0,0,813,0,33,38,33,0
101506,338,36,0,0,1325,0,62,99,100,0
101507,253,28,0,0,753,0,38,56,40,0
101508,563,60,0,0,1526,0,86,87,86,0
101509,119,11,0,0,675,0,30,33,24,0
101601,8759,456,0,0,10153,0,1320,848,864,0
101602,254,23,0,0,807,0,31,56,38,0
101603,167,22,0,0,475,0,25,39,26,0
101604,294,24,0,0,1195,0,43,43,65,0
101605,417,36,0,0,828,0,65,67,49,0
101606,444,44,0,0,1638,0,44,103,88,0
101607,531,53,0,0,1323,0,111,75,79,0
101608,234,32,0,0,1119,0,45,56,33,0
101609,1054,81,0,0,2313,0,159,141,181,0
101610,725,45,0,0,1593,0,106,95,122,0
101611,270,24,0,0,851,0,12,42,29,0
101701,333,33,0,0,1123,0,64,39,68,0
101702,370,30,0,0,992,0,62,38,58,0
101703,358,29,0,0,807,0,51,52,45,0
101704,406,63,0,0,1163,0,67,72,82,0
101705,310,39,0,0,1156,0,58,61,75,0
101706,313,32,0,0,937,0,57,46,31,0
101707,352,47,0,0,1634,0,90,54,82,0
101708,292,23,0,0,643,0,51,46,42,0
101709,4461,231,0,0,5362,0,750,426,438,0
101710,504,40,0,0,1285,0,104,58,85,0
101801,294,16,0,0,749,0,73,75,55,0
101802,258,19,0,0,789,0,52,40,56,0
101803,360,42,0,0,1116,0,74,97,75,0
101804,319,25,0,0,935,0,65,44,64,0
101805,321,19,0,0,757,0,41,40,43,0
101806,412,31,0,0,1027,0,57,81,77,0
101807,1696,82,0,0,2484,0,310,224,220,0
101901,5805,242,0,0,7151,0,940,696,536,0
101902,654,41,0,0,1413,0,113,81,80,0
101903,373,31,0,0,941,0,85,58,52,0
101904,1032,73,0,0,2410,0,207,166,161,0
102001,2190,106,0,0,2153,0,312,168,202,0
102002,2564,141,0,0,3120,0,450,282,249,0
102003,9516,524,0,0,8417,0,1499,846,697,0
102004,6204,230,0,0,4263,0,766,486,448,0
102005,323,30,0,0,1072,0,38,55,69,0
102006,778,40,0,0,1583,0,118,105,78,0
102007,680,32,0,0,955,0,108,90,65,0
102008,1899,73,0,0,2186,0,286,228,170,0
102009,2426,110,0,0,2639,0,334,219,232,0
102101,1440,100,0,0,2131,0,234,152,198,0
102102,566,40,0,0,1183,0,87,87,91,0
102103,438,21,0,0,964,0,79,52,64,0
102104,249,26,0,0,792,0,32,46,36,0
102105,432,33,0,0,969,0,64,70,65,0
106101,151976,5775,0,0,85179,0,19212,11281,8104,0
106201,10586,588,0,0,12346,0,1572,1253,1121,0
106301,7636,403,0,0,7546,0,1088,845,770,0
120101,3660,119,43,0,5971,0,604,517,502,118
120102,1207,47,18,0,4937,0,229,308,288,53
120103,281,11,7,0,2034,0,58,76,107,7
120104,260,11,4,0,1695,0,25,46,47,6
120105,451,21,10,0,2007,0,79,115,125,14
120106,766,29,21,0,4142,0,135,187,178,27
120107,537,27,9,0,3076,0,107,184,162,24
120108,242,6,6,0,1842,0,19,69,70,13
120109,212,11,7,0,2027,0,26,84,52,10
120201,366,17,15,0,2064,0,61,140,122,19
120202,3274,91,44,0,7895,0,405,819,533,97
120203,549,19,10,0,2575,0,67,144,151,19
120204,850,32,23,0,3819,0,149,258,229,44
120205,259,14,8,0,2334,0,50,119,90,16
120206,257,8,7,0,2124,0,27,87,59,5
120207,411,19,19,0,2169,0,79,122,132,10
120301,1237,46,21,0,2533,0,256,185,217,33
120302,855,33,14,0,1926,0,166,149,187,23
120303,6738,262,80,0,7087,0,1320,749,758,157
120304,2539,109,36,0,4503,0,410,299,397,76
120305,4304,152,68,0,5670,0,928,560,659,118
120401,133,5,2,0,534,0,7,27,27,1
120402,1331,46,21,0,5166,0,141,301,202,46
120403,193,8,4,0,801,0,10,31,23,5
120404,202,12,3,0,766,0,19,45,55,4
120405,276,19,5,0,2045,0,43,114,84,8
120406,210,19,4,0,2220,0,42,98,71,6
120407,585,29,11,0,3019,0,91,136,217,21
120501,3134,94,32,0,5223,0,399,387,723,240
120502,809,48,11,0,4238,0,151,188,352,53
120503,355,9,6,0,2831,0,53,94,114,14
120504,975,29,16,0,4040,0,153,245,537,65
120505,294,22,8,0,1763,0,34,74,203,13
120506,385,20,6,0,2099,0,53,122,146,15
120507,153,6,2,0,1263,0,12,61,103,9
120508,229,12,8,0,1501,0,39,66,91,11
120509,434,5,4,0,1047,0,59,57,143,20
120510,591,22,12,0,1205,0,121,92,88,29
120601,1211,39,13,0,3128,0,244,225,228,35
120602,454,20,2,0,1605,0,73,76,145,8
120603,664,28,10,0,2274,0,125,148,136,28
120604,752,66,14,0,2725,0,137,231,175,36
120605,1554,43,21,0,3157,0,300,229,284,43
120606,3809,138,53,0,6377,0,695,562,624,94
120607,1421,36,18,0,4105,0,261,310,270,31
120608,1502,36,6,0,2013,0,248,203,176,33
120609,1907,45,10,0,2908,0,298,262,261,55
120610,961,31,15,0,2534,0,190,205,144,32
120611,4594,191,72,0,8473,0,850,796,644,169
120612,909,35,23,0,3140,0,200,221,240,32
120613,348,17,9,0,1703,0,61,64,60,17
120614,1090,20,12,0,2218,0,168,202,170,32
120615,1781,49,15,0,2457,0,296,250,196,62
120616,4357,118,54,0,5167,0,701,628,520,133
120617,3910,100,27,0,3477,0,677,431,422,131
120701,1353,46,15,0,3819,0,152,289,290,41
120702,649,16,8,0,1917,0,108,100,118,27
120703,444,16,15,0,2508,0,84,131,104,17
120704,321,23,6,0,2349,0,43,93,107,14
120705,246,16,6,0,2166,0,41,97,88,14
120706,210,17,6,0,3036,0,21,112,85,14
120707,956,60,21,0,7854,0,142,298,296,50
120708,326,17,8,0,2920,0,54,110,145,13
120709,549,29,10,0,5209,0,108,179,168,31
120710,221,12,6,0,1706,0,23,70,68,11
120711,174,5,4,0,2054,0,22,111,75,8
120712,275,14,10,0,2130,0,54,70,94,15
120801,502,26,13,0,1697,0,87,107,106,6
120802,401,15,3,0,1529,0,76,69,71,12
120803,166,8,8,0,1164,0,34,42,51,5
120804,328,15,9,0,1335,0,54,47,68,11
120805,1870,96,23,0,3945,0,363,321,296,56
120806,132,4,0,0,581,0,19,25,21,3
120807,183,8,3,0,800,0,32,34,35,5
120901,1200,49,23,0,3530,0,214,322,304,41
120902,434,20,4,0,2857,0,74,133,113,33
120903,4287,147,50,0,10619,0,685,796,791,146
120904,565,28,11,0,3390,0,103,151,180,39
120905,335,22,7,0,1528,0,69,72,88,11
120906,682,24,8,0,2194,0,106,129,139,60
120907,987,42,12,0,3372,0,196,210,212,44
120908,327,16,8,0,2824,0,58,117,113,17
120909,287,9,12,0,2303,0,66,116,128,12
121001,423,18,4,0,1728,0,62,119,84,11
121002,1441,42,25,0,8323,0,265,424,385,54
121003,369,16,9,0,2643,0,84,91,76,20
121004,792,32,18,0,8492,0,117,453,277,39
121005,416,18,6,0,3279,0,76,167,152,24
121006,400,29,15,0,4831,0,80,142,156,20
121007,2182,85,42,0,4062,0,248,248,304,52
121008,209,12,7,0,1657,0,37,73,62,18
121009,639,38,17,0,4836,0,68,211,260,20
121010,365,15,10,0,3668,0,55,98,96,9
121011,937,43,34,0,2816,0,175,158,150,36
121012,338,13,7,0,2502,0,88,67,90,27
121013,596,11,17,0,2813,0,63,126,130,11
121014,430,18,7,0,4035,0,78,160,173,29
121015,191,4,1,0,1114,0,25,57,49,9
121016,1474,53,28,0,6740,0,208,343,317,52
121101,3578,129,59,0,5981,0,547,612,531,110
121102,838,26,13,0,1544,0,82,125,108,16
121103,634,21,27,0,4823,0,69,250,212,19
121104,510,16,8,0,1660,0,63,104,138,24
121105,414,26,12,0,5386,0,72,261,149,21
121106,515,18,8,0,1574,0,68,99,103,17
121107,149,7,9,0,1647,0,25,53,83,4
121108,359,35,13,0,2093,0,53,97,107,19
121109,1108,54,43,0,5297,0,148,246,284,34
121110,293,17,7,0,2583,0,48,95,75,12
121111,589,21,15,0,3608,0,134,189,170,24
121112,1426,63,26,0,4209,0,233,270,278,40
121113,153,4,3,0,1158,0,26,43,75,5
121114,335,17,13,0,2308,0,42,146,92,16
121201,1299,187,20,0,1643,0,237,152,193,34
121203,761,217,8,0,1176,0,176,120,111,26
121204,1704,218,25,0,2748,0,351,213,418,47
121205,5293,986,58,0,9818,0,1021,801,804,143
121206,369,29,8,0,1893,0,68,81,100,19
121207,1702,241,25,0,5158,0,324,367,355,88
121301,6354,198,91,0,6356,0,857,586,560,125
121302,2724,117,23,0,4505,0,384,264,370,86
121303,1577,60,29,0,2475,0,263,171,248,42
121304,4393,103,51,0,6940,0,580,501,544,108
121305,645,29,16,0,1936,0,112,103,128,26
121306,2546,73,29,0,4006,0,364,296,323,72
121307,399,12,7,0,972,0,54,67,85,12
121308,722,24,10,0,1453,0,97,84,113,20
121309,873,26,18,0,2083,0,189,139,149,30
121401,449,16,6,0,1943,0,80,92,275,14
121402,317,6,3,0,1100,0,40,46,162,4
121403,338,9,4,0,1389,0,65,62,198,6
121404,220,3,5,0,821,0,19,33,80,2
121405,1054,41,20,0,3220,0,157,160,834,19
121406,161,9,4,0,791,0,17,37,96,2
121501,471,14,4,0,1130,0,99,118,90,7
121502,1273,30,14,0,1707,0,145,173,163,31
121503,342,12,9,0,2078,0,82,125,108,23
121504,287,15,8,0,1671,0,49,70,88,15
121505,427,34,12,0,3036,0,82,172,131,18
121506,1239,55,38,0,3992,0,177,253,265,50
121507,843,38,21,0,3050,0,136,173,172,35
121508,645,10,14,0,2169,0,89,106,94,17
121509,459,13,12,0,1277,0,79,72,121,16
121601,661,28,10,0,2620,0,79,91,134,22
121602,301,13,12,0,2493,0,50,76,123,15
121603,789,35,10,0,3951,0,143,233,206,28
121604,708,36,13,0,2986,0,114,185,168,45
121605,482,25,18,0,2277,0,84,139,138,20
121606,487,21,11,0,2956,0,80,187,151,13
121607,237,10,9,0,2082,0,31,68,127,10
121608,874,34,14,0,3594,0,155,214,266,37
121609,2300,75,19,0,6237,0,352,452,448,85
121610,926,56,20,0,4648,0,156,261,238,37
121611,881,23,17,0,2695,0,98,159,161,24
121612,223,12,4,0,845,0,26,44,57,6
121613,856,36,23,0,3461,0,119,304,164,32
121614,624,28,12,0,3258,0,87,176,121,24
121615,1225,52,14,0,4558,0,138,215,214,36
121616,267,9,3,0,2239,0,33,95,87,11
121701,4140,104,46,0,5731,0,474,481,515,71
121702,252,10,4,0,1720,0,23,123,63,7
121703,683,15,17,0,3444,0,61,149,141,22
121704,599,25,4,0,1800,0,72,120,208,12
121705,550,15,10,0,2592,0,81,164,135,15
121801,4632,161,78,0,9422,0,701,823,742,128
121802,881,30,9,0,2203,0,146,149,142,25
121803,1679,53,36,0,3955,0,299,279,331,79
121804,430,19,7,0,1303,0,68,117,55,9
121805,334,14,4,0,904,0,66,58,78,18
121806,683,36,15,0,2426,0,102,127,151,30
121807,463,19,15,0,1451,0,77,88,112,18
121808,591,36,17,0,1561,0,128,112,140,21
121809,4098,133,72,0,7545,0,777,519,692,117
121810,846,29,14,0,3042,0,130,154,234,38
121901,718,18,15,0,2402,0,146,131,164,19
121902,1367,43,18,0,4248,0,203,284,250,41
121903,1109,44,22,0,2136,0,200,188,190,38
121904,3238,111,28,0,5535,0,628,500,555,111
121905,7947,195,64,0,10941,0,1271,1179,965,249
126101,144615,4690,1038,0,118494,0,27632,16439,12309,3962
126201,9732,236,129,0,17829,0,1634,1458,1290,225
126301,15986,356,150,0,20129,0,2142,2313,1466,352
140101,1370,23,0,4,2101,0,96,123,89,19
140102,395,3,0,1,1244,0,29,73,56,8
140103,193,4,0,5,1078,0,14,22,43,5
140104,157,11,0,1,1423,0,30,51,41,2
140105,198,10,0,8,1274,0,51,51,66,11
140106,149,3,0,1,799,0,16,38,31,2
140201,5881,133,0,33,7519,0,736,576,422,149
140202,647,11,0,7,1192,0,74,62,61,14
140203,547,20,0,7,1316,0,64,64,60,16
140204,143,6,0,1,824,0,23,35,34,9
140205,218,2,0,0,859,0,24,27,29,6
140206,192,7,0,0,871,0,35,47,41,10
140207,357,8,0,6,1109,0,50,83,51,6
140208,290,11,0,9,1072,0,37,44,24,2
140209,488,17,0,8,1554,0,73,128,50,11
140301,2104,43,0,12,3552,0,288,344,346,59
140302,362,7,0,3,1144,0,57,60,85,14
140303,213,4,0,0,1448,0,41,64,81,18
140304,930,27,0,21,3011,0,150,198,202,53
140305,221,13,0,6,1870,0,29,68,74,6
140306,269,13,0,2,1356,0,42,59,59,11
140307,315,15,0,6,1898,0,46,75,85,7
140308,236,7,0,7,1281,0,28,69,62,7
140309,127,4,0,4,1015,0,26,49,47,8
140310,622,25,0,7,2637,0,137,166,213,32
140311,337,15,0,4,2183,0,50,101,101,7
140312,282,8,0,6,2181,0,35,81,81,14
140313,433,17,0,6,1153,0,75,59,71,11
140314,395,13,0,13,2289,0,67,99,98,18
140401,2321,47,0,26,3059,0,348,233,191,45
140402,874,27,0,13,2199,0,144,96,113,30
140403,182,8,0,5,817,0,20,33,21,7
140404,338,6,0,3,1374,0,61,48,64,12
140405,276,4,0,6,1004,0,51,37,34,5
140501,3350,106,0,0,2620,0,719,358,277,130
140502,1128,57,0,0,586,0,217,70,78,35
140503,416,19,0,0,1011,0,123,102,108,20
140504,7680,264,0,0,6784,0,1865,906,833,297
140505,1551,53,0,0,2200,0,405,217,183,70
140506,1163,43,0,0,1427,0,274,151,175,52
140601,599,18,0,12,1355,0,73,110,90,15
140602,535,10,0,13,1710,0,69,142,88,13
140603,873,26,0,9,1861,0,182,168,116,25
140604,155,5,0,2,791,0,17,66,37,5
140605,3629,77,0,25,3867,0,592,372,293,84
140606,423,19,0,7,1008,0,73,99,76,14
140607,606,17,0,8,1981,0,94,137,101,23
140608,737,19,0,11,2059,0,71,93,61,15
140609,483,8,0,2,888,0,77,82,66,16
140611,1801,45,0,19,3732,0,297,353,281,50
140701,445,22,0,7,1327,0,74,82,81,14
140702,295,15,0,4,1921,0,70,113,90,17
140703,199,8,0,0,987,0,37,37,40,9
140704,200,11,0,2,1096,0,32,34,24,6
140705,3102,85,0,27,6190,0,474,463,364,74
140706,418,13,0,8,1776,0,68,57,87,10
140707,215,7,0,5,886,0,45,55,47,15
140801,9564,297,0,0,8029,0,1968,879,846,382
140802,3474,109,0,0,2470,0,753,386,325,145
140803,2733,84,0,0,2433,0,539,295,248,140
140804,2111,65,0,0,2362,0,453,255,198,93
140805,2225,87,0,0,2330,0,500,245,254,114
140901,142,4,0,2,507,0,11,37,18,3
140902,256,10,0,7,1156,0,32,73,112,3
140903,916,30,0,11,2173,0,123,245,129,35
140904,201,9,0,1,1050,0,33,37,40,4
140905,373,24,0,3,1399,0,36,60,40,16
140906,320,17,0,7,933,0,51,66,30,9
141001,99,5,0,3,800,0,4,34,24,8
141002,830,38,0,7,2316,0,113,202,152,26
141003,117,5,0,3,907,0,17,41,37,5
141004,262,12,0,6,1050,0,50,44,75,2
141005,346,18,0,16,1098,0,41,103,73,14
141006,162,4,0,4,1166,0,26,81,54,11
141101,1089,28,0,5,1710,0,108,162,97,21
141102,138,1,0,1,664,0,6,16,18,3
141103,266,9,0,5,1167,0,29,53,17,9
141104,404,12,0,6,1267,0,36,71,62,8
141105,81,1,0,1,467,0,2,30,14,3
141106,305,7,0,4,1193,0,41,67,49,9
141107,447,9,0,5,997,0,46,46,58,15
141108,243,6,0,0,692,0,15,20,26,3
141109,245,6,0,2,872,0,12,52,29,6
141110,269,5,0,6,897,0,26,36,28,2
141201,6351,202,0,49,6835,0,937,787,618,216
141204,752,20,0,11,1242,0,109,102,75,13
141205,871,29,0,12,2027,0,182,185,151,38
141206,377,13,0,5,1365,0,74,75,66,28
141207,1938,70,0,15,2826,0,431,388,262,89
141208,267,17,0,5,1285,0,46,72,60,18
141209,449,7,0,2,1301,0,60,89,68,12
141210,222,12,0,4,1154,0,28,59,40,12
141211,1454,48,0,17,3055,0,288,289,224,50
141212,806,29,0,5,1777,0,155,165,92,38
141213,612,26,0,12,1490,0,87,126,94,30
141214,359,34,0,4,1636,0,93,97,84,23
141215,3295,118,0,19,3655,0,565,531,419,138
141301,3745,77,0,37,4955,0,563,455,308,79
141302,134,3,0,5,653,0,16,17,19,3
141303,252,12,0,6,893,0,35,56,34,7
141304,191,7,0,4,675,0,23,29,30,7
141305,419,11,0,6,1477,0,57,57,55,8
141306,325,14,0,2,908,0,50,56,37,8
141307,221,5,0,3,843,0,32,41,31,14
141308,295,10,0,2,874,0,39,37,34,7
141309,201,9,0,6,835,0,23,38,19,6
141310,285,6,0,4,893,0,49,46,52,11
141401,4169,104,0,0,3716,0,945,455,450,137
141402,1487,45,0,0,1664,0,360,206,163,52
141403,483,19,0,0,1238,0,125,90,75,33
141404,1431,57,0,0,3625,0,319,225,250,68
141405,1123,59,0,0,1665,0,266,139,129,43
141406,450,11,0,0,961,0,133,66,79,16
141501,477,12,0,5,1304,0,28,54,60,4
141502,94,2,0,1,529,0,4,15,11,2
141503,269,7,0,2,1261,0,24,25,57,15
141504,402,11,0,5,1780,0,41,72,79,27
141505,589,16,0,15,2229,0,61,166,117,9
141506,541,9,0,6,2124,0,75,114,125,11
141507,429,11,0,5,1518,0,44,75,51,16
141508,542,16,0,5,2242,0,55,132,94,15
141509,750,23,0,4,2258,0,106,202,209,30
141510,934,37,0,13,2218,0,138,174,213,30
141511,221,6,0,4,1228,0,31,43,35,10
141601,2462,44,0,21,4045,0,372,365,236,45
141602,170,8,0,5,1196,0,14,46,36,8
141603,97,2,0,1,777,0,8,16,21,3
141604,256,8,0,1,623,0,44,43,26,4
141605,749,26,0,3,2772,0,107,120,107,33
141606,134,4,0,2,827,0,17,16,22,7
141607,675,23,0,7,2854,0,109,161,152,26
141608,108,3,0,4,1019,0,8,27,14,3
141609,137,2,0,0,373,0,13,17,7,1
141610,326,5,0,0,1021,0,34,52,34,11
141611,172,2,0,1,1007,0,16,31,22,11
141701,3721,95,0,0,3372,0,827,576,416,191
141702,6752,235,0,0,7948,0,1537,946,910,284
141703,1159,59,0,0,2789,0,291,195,241,67
141704,1771,81,0,0,3363,0,407,287,267,102
141705,543,28,0,0,2005,0,113,136,165,36
141706,180,10,0,0,981,0,32,47,78,15
141707,540,21,0,0,1418,0,100,79,143,27
141708,1768,56,0,0,2416,0,402,277,289,85
141801,3284,133,0,0,4269,0,702,473,472,161
141802,5125,128,0,0,4248,0,925,518,393,193
141803,5531,145,0,0,3375,0,1212,525,460,192
141804,17122,442,0,0,10238,0,3333,1384,1315,509
141805,1439,49,0,0,1790,0,334,206,172,66
141806,1176,50,0,0,2289,0,270,165,174,50
141901,624,17,0,16,1645,0,98,107,105,10
141902,647,12,0,8,1513,0,97,88,49,25
141903,457,15,0,8,1678,0,72,61,83,18
141904,250,11,0,5,1152,0,41,46,36,18
141905,502,7,0,2,1229,0,47,56,66,10
141906,868,26,0,13,2292,0,124,118,102,44
141907,531,9,0,6,1008,0,77,74,83,11
141908,350,14,0,6,1063,0,57,40,49,26
141909,330,10,0,3,755,0,55,33,31,6
141910,862,26,0,7,1430,0,115,85,84,14
141911,248,6,0,6,1022,0,43,43,33,4
141912,1365,26,0,6,1181,0,230,101,103,18
141913,1139,22,0,12,2137,0,202,139,146,34
141914,359,15,0,3,1360,0,69,55,59,11
141915,427,10,0,6,943,0,94,40,23,62
142001,3064,79,0,22,3309,0,427,334,191,55
142002,363,14,0,4,764,0,77,50,46,7
142003,462,14,0,4,1495,0,78,77,52,17
142004,293,12,0,5,1218,0,52,36,72,30
142005,209,8,0,0,794,0,21,33,27,9
142006,245,11,0,7,530,0,50,30,27,8
142007,318,13,0,2,1015,0,38,57,42,14
142008,389,3,0,3,940,0,55,33,49,14
142009,566,19,0,6,1244,0,101,92,58,19
142010,357,11,0,6,1540,0,50,53,84,13
142011,437,11,0,6,1148,0,41,67,37,21
142012,317,11,0,4,865,0,67,46,29,4
142101,3877,155,0,0,4009,0,895,526,504,177
142102,10700,340,0,0,8951,0,2412,1149,1395,417
142103,5056,179,0,0,4004,0,1155,505,594,199
142104,4385,112,0,0,2721,0,864,390,429,188
142105,2735,60,0,0,2026,0,532,286,272,99
142106,3168,106,0,0,4140,0,807,473,462,126
142201,2009,51,0,21,2870,0,200,297,162,42
142202,649,13,0,5,1842,0,53,75,50,10
142203,172,6,0,1,813,0,26,47,24,5
142204,355,13,0,8,1174,0,37,85,54,14
142205,201,5,0,3,751,0,22,34,32,7
142206,134,4,0,1,976,0,4,52,26,4
142207,361,15,0,4,1568,0,32,61,47,10
142301,313,12,0,6,941,0,32,28,62,11
142302,154,11,0,3,1344,0,29,47,88,3
142303,287,5,0,2,997,0,13,37,57,6
142304,171,7,0,4,1404,0,18,48,49,10
142305,142,11,0,5,1010,0,23,44,61,11
142306,996,30,0,10,2945,0,147,188,254,20
142307,150,2,0,2,1421,0,22,44,136,6
142308,256,15,0,3,1602,0,32,59,67,7
142401,248,2,0,3,816,0,17,38,27,13
142402,383,13,0,8,1193,0,35,43,40,12
142403,423,10,0,1,997,0,56,53,31,7
142404,2785,50,0,19,4010,0,351,328,200,57
142405,329,5,0,2,814,0,59,52,38,6
142406,370,8,0,6,892,0,26,58,23,10
142407,395,6,0,1,1105,0,34,65,37,11
142501,1964,58,0,14,3324,0,341,239,152,62
142502,347,15,0,7,2552,0,90,123,107,25
142503,1059,21,0,8,2911,0,156,168,137,31
142504,411,9,0,7,1798,0,58,100,81,21
142505,741,21,0,14,3386,0,161,172,110,25
142506,1005,22,0,13,3262,0,217,195,140,31
142507,781,17,0,6,2975,0,139,197,141,32
142508,599,14,0,8,2284,0,81,123,118,25
142509,238,11,0,4,2081,0,41,104,40,9
142510,720,20,0,14,3875,0,113,162,141,41
142511,485,21,0,9,2232,0,88,137,122,21
142512,429,11,0,10,2282,0,80,100,78,21
142513,821,36,0,12,3497,0,112,170,156,28
142601,86,9,0,0,786,0,10,35,30,2
142602,205,3,0,1,632,0,20,34,27,3
142603,473,18,0,12,1795,0,102,143,106,59
142604,187,9,0,3,1400,0,33,107,44,6
142605,306,18,0,4,1447,0,53,115,51,16
142606,117,4,0,2,796,0,7,39,29,7
142607,149,3,0,1,924,0,14,40,19,5
142608,1250,77,0,12,4045,0,240,379,232,54
142609,301,17,0,11,2040,0,45,112,58,22
142610,235,8,0,8,1253,0,25,86,35,7
142611,218,11,0,6,1921,0,42,74,82,16
142612,175,6,0,2,1237,0,22,60,42,5
142613,391,16,0,10,2963,0,58,199,136,34
142701,2148,47,0,11,2935,0,334,220,167,57
142702,318,5,0,9,1001,0,54,66,42,9
142703,299,5,0,3,1050,0,56,45,50,14
142704,208,6,0,1,916,0,25,35,34,6
142705,369,17,0,9,1152,0,58,55,50,14
142706,230,17,0,4,786,0,41,34,32,6
142707,421,10,0,2,1330,0,44,67,38,8
142801,4832,142,0,24,6128,0,793,483,341,358
142802,273,14,0,5,904,0,48,44,34,14
142803,326,7,0,3,1438,0,43,85,45,10
142804,281,9,0,3,1271,0,47,50,40,17
142805,497,20,0,3,1360,0,85,92,67,40
142806,177,7,0,0,765,0,20,58,39,7
142807,943,28,0,11,2000,0,182,168,114,54
142808,1141,35,0,13,2333,0,188,177,177,58
142901,2078,60,0,15,4174,0,331,322,212,55
142902,114,3,0,4,1210,0,27,39,22,7
142903,90,1,0,1,618,0,9,21,17,0
142904,298,7,0,6,1296,0,23,42,33,9
142905,321,13,0,6,1622,0,38,70,39,13
142906,328,12,0,1,1495,0,20,83,41,4
142907,289,4,0,6,942,0,21,35,33,4
142908,342,9,0,5,1615,0,46,101,56,12
142909,295,6,0,3,1023,0,14,40,26,6
143001,287,17,0,7,1375,0,53,42,55,11
143002,220,16,0,2,1221,0,37,70,45,16
143003,101,4,0,5,991,0,22,47,19,10
143004,269,15,0,5,1550,0,62,64,55,18
143005,1432,59,0,13,4351,0,226,271,217,48
143201,2965,120,0,0,3582,0,691,329,296,130
143202,2038,68,0,0,1935,0,432,301,162,87
143203,452,17,0,0,914,0,123,50,95,22
143204,1437,63,0,0,1635,0,329,146,161,50
143205,5654,176,0,0,4068,0,1177,600,421,201
143206,3512,142,0,0,4101,0,841,530,464,174
143207,3570,95,0,0,2886,0,686,475,307,125
143301,1709,29,0,12,2553,0,144,190,107,33
143302,194,3,0,7,1022,0,24,56,28,3
143303,260,14,0,2,1695,0,50,62,46,8
143304,488,9,0,7,1792,0,60,80,63,11
143305,1341,37,0,19,4507,0,199,272,206,32
143306,217,4,0,2,1079,0,18,49,35,6
143307,468,2,0,1,1464,0,40,55,42,5
143308,293,8,0,1,1241,0,36,43,37,10
143309,165,2,0,2,704,0,13,20,22,2
143401,2841,124,0,0,4219,0,827,578,457,181
143402,4270,134,0,0,5002,0,1135,707,593,220
143403,4763,182,0,0,5082,0,1180,819,658,223
143404,2791,99,0,0,3150,0,597,490,464,155
143405,423,35,0,0,2301,0,128,98,88,38
143406,551,20,0,0,1582,0,112,82,83,28
143407,635,38,0,0,2249,0,211,165,155,46
143408,173,10,0,0,1473,0,53,100,106,24
143409,2373,113,0,0,5203,0,637,483,415,154
143410,119,8,0,0,645,0,32,13,39,15
143411,1358,62,0,0,4285,0,346,277,253,93
143412,5727,225,0,0,10061,0,1655,1222,1014,300
143501,583,15,0,11,1883,0,53,112,82,14
143502,549,9,0,5,1650,0,58,99,66,13
143503,384,16,0,4,1885,0,48,105,56,14
143504,679,8,0,6,1265,0,40,91,44,6
143505,4400,102,0,30,7419,0,541,746,422,95
143506,363,13,0,5,1370,0,55,80,45,17
143601,263,11,0,10,1162,0,31,51,17,9
143602,293,9,0,3,1214,0,57,68,64,15
143603,240,11,0,8,1329,0,26,34,61,10
143604,221,9,0,8,1126,0,33,43,40,13
143605,1208,32,0,12,3265,0,206,233,167,35
143701,374,9,0,1,992,0,47,35,50,6
143702,360,14,0,6,797,0,49,37,45,8
143703,421,13,0,4,1304,0,91,61,28,17
143704,186,5,0,5,895,0,24,24,34,5
143705,218,5,0,0,708,0,11,17,15,4
143706,1650,20,0,5,2343,0,197,108,142,31
143801,5753,172,0,46,6164,0,1080,651,427,175
143802,916,41,0,11,2231,0,202,189,178,43
143803,710,35,0,12,1579,0,144,129,88,35
143804,683,17,0,13,1017,0,124,99,72,25
143805,640,32,0,10,2050,0,152,168,123,28
146101,5835,126,0,41,9314,0,755,885,1411,143
146201,19025,408,0,93,18843,0,2893,1537,1241,333
146301,28347,677,0,205,40585,0,3875,3373,2521,554
146401,9145,428,0,80,14925,0,1344,1840,1069,299
146502,31935,988,0,0,15011,0,6485,2770,2075,983
146503,26157,929,0,0,12903,0,6084,2623,2427,1067
146504,30526,1209,0,0,19476,0,6506,2941,2103,1093
146505,57814,2447,0,0,26995,0,11826,4409,2831,1749
146506,19817,940,0,0,10400,0,4441,1678,1144,682
146507,42888,1817,0,0,25320,0,9190,3770,2724,1516
146508,10346,663,0,0,8966,0,2872,1175,773,420
146509,4979,154,0,0,3383,0,1056,567,432,190
146510,26978,1331,0,0,15192,0,6227,2159,1370,852
146511,24020,873,0,0,19512,0,4989,2509,2006,890
146512,11434,419,0,0,8449,0,2646,1343,1041,517
146513,44219,1501,0,0,17514,0,8263,3051,2311,1410
146514,17440,493,0,0,12083,0,3227,1783,1327,630
146515,5903,178,0,0,3671,0,1179,658,542,237
146516,11996,266,0,0,3517,0,2228,661,533,355
146517,9378,358,0,0,5635,0,2152,1059,726,414
146518,29594,1325,0,0,18656,0,7007,3019,2062,1169
146519,14183,708,0,0,6739,0,3356,1086,752,506
149901,35840,2483,0,0,28474,0,14396,12856,2589,1031
160101,4894,111,0,0,4805,0,623,524,1394,0
160102,734,25,0,0,1235,0,140,129,338,0
160103,2122,56,0,0,2565,0,231,191,367,0
160104,1181,33,0,0,1694,0,155,174,538,0
160105,782,39,0,0,1378,0,108,98,356,0
160106,395,14,0,0,952,0,46,76,214,0
160201,444,16,0,0,843,0,57,96,57,0
160202,636,31,0,0,1022,0,105,81,73,0
160203,2542,68,0,0,3696,0,224,263,292,0
160204,1071,33,0,0,1755,0,111,144,125,0
160301,9337,242,0,0,6364,0,1825,1031,920,0
160302,841,29,0,0,739,0,152,142,106,0
160303,566,14,0,0,468,0,68,55,55,0
160304,647,25,0,0,690,0,71,82,69,0
160305,453,21,0,0,353,0,62,58,40,0
160306,806,23,0,0,638,0,77,91,109,0
160401,989,27,0,0,1255,0,116,123,89,0
160402,6098,103,0,0,4067,0,468,508,405,0
160403,731,7,0,0,517,0,46,56,52,0
160404,1360,30,0,0,1970,0,147,168,153,0
160501,1337,26,0,0,845,0,176,118,172,0
160502,3026,94,0,0,2038,0,317,286,319,0
160503,769,12,0,0,460,0,51,35,54,0
160504,509,9,0,0,351,0,24,68,55,0
160505,1924,60,0,0,1305,0,231,229,198,0
160601,378,22,0,0,687,0,41,40,47,0
160602,3394,88,0,0,3931,0,406,408,314,0
160603,741,23,0,0,525,0,56,43,62,0
160604,365,20,0,0,523,0,44,36,45,0
160605,350,8,0,0,593,0,69,31,59,0
160701,2751,87,0,0,3471,0,314,279,333,0
160702,201,15,0,0,650,0,35,49,58,0
160703,581,28,0,0,1439,0,53,68,161,0
160704,609,20,0,0,1077,0,68,108,167,0
160705,8089,200,0,0,8325,0,861,844,897,0
160706,1368,47,0,0,2374,0,160,169,218,0
160707,1275,38,0,0,2042,0,126,139,173,0
160708,363,12,0,0,680,0,27,34,47,0
160709,443,15,0,0,1004,0,53,52,89,0
160801,991,21,0,0,862,0,62,116,88,0
160802,711,12,0,0,765,0,63,67,75,0
160803,2447,57,0,0,1651,0,218,324,216,0
160804,1853,70,0,0,2478,0,288,205,200,0
160805,357,9,0,0,343,0,24,34,50,0
160806,849,23,0,0,1530,0,119,103,111,0
160807,294,5,0,0,242,0,31,28,27,0
160901,1078,25,0,0,459,0,101,72,96,0
160902,1222,19,0,0,899,0,129,91,184,0
160903,1572,33,0,0,528,0,104,113,157,0
160904,1272,47,0,0,625,0,161,113,124,0
160905,1478,35,0,0,630,0,141,95,115,0
160906,617,7,0,0,371,0,66,43,57,0
160907,1321,27,0,0,1695,0,184,169,420,0
160908,2495,67,0,0,1617,0,225,212,215,0
160909,915,24,0,0,717,0,62,73,131,0
160910,1130,29,0,0,766,0,111,134,127,0
160911,1173,30,0,0,756,0,146,125,146,0
160912,667,15,0,0,755,0,70,90,132,0
160913,1403,49,0,0,690,0,141,95,135,0
161001,997,24,0,0,919,0,81,101,102,0
161002,1264,46,0,0,1325,0,82,161,131,0
161003,425,20,0,0,745,0,47,70,89,0
161004,3041,92,0,0,4413,0,363,376,676,0
161101,708,13,0,0,357,0,54,71,59,0
161102,625,11,0,0,659,0,72,113,70,0
161103,659,20,0,0,445,0,44,60,71,0
161104,868,18,0,0,713,0,77,103,86,0
161105,4536,127,0,0,2762,0,450,404,386,0
161106,674,21,0,0,651,0,52,91,80,0
161107,1095,38,0,0,1340,0,92,161,99,0
166101,28620,695,0,0,12741,0,3374,2405,2507,0
180103,152,6,0,0,438,0,25,28,23,0
180105,276,10,3,0,329,0,49,43,23,0
180108,1664,40,17,0,2695,0,215,426,147,0
180201,1293,44,21,0,6220,0,147,452,218,0
180202,151,15,2,0,1726,0,32,109,46,0
180203,245,15,8,0,1956,0,45,114,116,0
180204,440,9,13,0,2382,0,59,155,68,0
180205,220,8,1,0,2705,0,42,149,49,0
180206,372,18,16,0,1981,0,57,111,131,0
180301,4983,167,83,0,9633,0,770,1176,609,0
180302,432,18,20,0,3623,0,72,168,108,0
180303,597,25,17,0,3413,0,91,212,167,0
180304,1465,56,39,0,6001,0,218,449,272,0
180305,176,5,6,0,1307,0,32,72,62,0
180306,764,32,24,0,4905,0,133,305,220,0
180307,710,30,16,0,3668,0,99,303,156,0
180401,4210,118,57,0,7499,0,486,874,450,0
180402,362,13,9,0,1191,0,47,123,67,0
180403,218,11,6,0,1458,0,32,80,40,0
180404,725,23,11,0,3095,0,96,221,133,0
180405,288,12,8,0,1679,0,28,82,49,0
180406,567,30,13,0,2082,0,61,172,113,0
180407,505,19,9,0,2788,0,54,192,78,0
180408,432,15,11,0,2675,0,61,200,93,0
180409,212,9,1,0,972,0,10,44,30,0
180410,406,2,5,0,1471,0,19,95,51,0
180411,503,16,21,0,3260,0,80,172,123,0
180501,3700,106,41,0,7490,0,557,802,489,0
180502,148,12,2,0,2011,0,32,63,50,0
180503,322,8,7,0,2540,0,63,104,62,0
180504,829,34,19,0,4449,0,147,284,145,0
180505,319,13,11,0,2543,0,45,111,83,0
180506,100,5,4,0,351,0,20,28,27,0
180507,384,10,8,0,2710,0,31,158,70,0
180508,171,5,6,0,1462,0,18,58,49,0
180509,657,35,17,0,3125,0,113,211,121,0
180511,416,22,6,0,2421,0,94,168,118,0
180601,260,9,5,0,2263,0,34,167,85,0
180602,1565,45,25,0,5522,0,184,783,234,0
180603,261,23,6,0,2642,0,70,131,119,0
180604,191,12,3,0,1575,0,31,117,50,0
180605,229,10,6,0,1987,0,48,159,73,0
180606,188,13,3,0,1529,0,18,93,54,0
180701,678,32,14,0,3298,0,114,176,180,0
180702,809,20,15,0,3304,0,114,236,141,0
180703,777,19,13,0,2827,0,99,211,149,0
180704,905,34,9,0,3288,0,220,308,185,0
180705,621,21,10,0,2656,0,154,237,149,0
180706,350,15,6,0,1430,0,47,133,70,0
180707,1070,40,7,0,3341,0,146,298,181,0
180708,1124,25,17,0,4168,0,185,310,187,0
180709,521,14,11,0,1942,0,120,169,79,0
180710,144,1,5,0,570,0,10,38,16,0
180801,1352,42,17,0,3092,0,163,399,211,0
180802,265,13,8,0,2272,0,26,152,83,0
180803,214,18,5,0,1413,0,18,99,74,0
180804,580,35,14,0,5478,0,97,507,224,0
180805,786,31,11,0,6096,0,136,432,205,0
180901,1264,37,32,0,2370,0,203,241,142,0
180902,408,14,3,0,1579,0,47,110,81,0
180903,380,15,16,0,1015,0,49,84,40,0
180904,373,23,8,0,2313,0,67,104,91,0
180905,390,24,11,0,1734,0,57,104,75,0
180906,385,16,9,0,1495,0,52,92,60,0
180907,167,14,7,0,1031,0,30,79,49,0
180908,134,10,4,0,1010,0,29,51,45,0
181001,1784,107,19,0,3974,0,274,488,285,0
181002,329,16,10,0,2210,0,63,243,122,0
181003,463,29,11,0,3512,0,64,263,138,0
181004,1042,60,17,0,5955,0,154,520,238,0
181005,222,26,5,0,1730,0,61,118,93,0
181006,269,9,9,0,2122,0,38,122,86,0
181007,313,14,6,0,1875,0,46,136,62,0
181101,6515,211,57,0,13150,0,819,1277,624,0
181102,376,12,5,0,1315,0,30,79,38,0
181103,313,13,10,0,1739,0,39,75,38,0
181104,209,5,3,0,762,0,10,35,29,0
181105,901,27,16,0,3316,0,102,230,141,0
181106,290,13,2,0,1551,0,25,65,44,0
181107,573,12,9,0,3128,0,89,156,120,0
181108,649,21,12,0,3463,0,96,156,166,0
181109,403,13,7,0,2462,0,58,121,83,0
181110,301,7,4,0,2048,0,37,76,54,0
181201,193,11,6,0,1653,0,35,99,100,0
181202,225,19,5,0,1229,0,39,75,51,0
181203,173,14,4,0,3149,0,40,163,75,0
181204,134,4,4,0,1068,0,42,79,60,0
181205,1489,34,27,0,4593,0,344,574,223,0
181206,580,32,22,0,1959,0,118,211,111,0
181207,312,10,8,0,1924,0,50,250,64,0
181301,263,7,10,0,1484,0,32,145,50,0
181302,489,23,6,0,1880,0,53,108,102,0
181303,323,8,9,0,1134,0,33,75,75,0
181304,409,12,5,0,916,0,48,79,61,0
181305,173,7,3,0,1222,0,22,59,51,0
181306,326,14,8,0,1442,0,65,137,115,0
181307,454,26,12,0,1936,0,53,223,91,0
181308,809,26,6,0,2052,0,108,199,143,0
181309,190,9,3,0,695,0,22,38,42,0
181310,823,33,15,0,2778,0,95,264,147,0
181401,1394,53,22,0,3392,0,155,327,250,0
181402,191,6,2,0,930,0,26,66,38,0
181403,240,13,5,0,1096,0,21,90,60,0
181404,260,10,7,0,1007,0,34,49,41,0
181405,791,31,10,0,2347,0,87,141,110,0
181406,508,28,10,0,4128,0,80,248,154,0
181407,557,11,4,0,1539,0,52,117,92,0
181408,220,13,7,0,2372,0,29,131,85,0
181409,357,17,9,0,1606,0,47,115,59,0
181501,328,22,12,0,2242,0,57,188,99,0
181502,245,11,2,0,1731,0,36,122,49,0
181503,1651,52,21,0,6858,0,229,628,346,0
181504,1114,39,28,0,6843,0,187,543,272,0
181505,225,24,10,0,2413,0,35,144,70,0
181601,433,16,6,0,1516,0,49,112,78,0
181602,454,18,10,0,3252,0,66,171,76,0
181603,1654,64,40,0,5123,0,229,498,365,0
181604,358,25,4,0,1908,0,89,182,109,0
181605,230,15,8,0,1677,0,31,106,73,0
181606,1364,58,17,0,4956,0,214,478,285,0
181607,220,12,5,0,2363,0,43,148,55,0
181608,178,16,4,0,2149,0,20,154,80,0
181609,1008,32,22,0,2684,0,109,291,165,0
181610,312,16,3,0,1924,0,64,142,97,0
181611,516,38,17,0,5035,0,82,344,237,0
181612,1152,42,12,0,3916,0,142,333,211,0
181613,1511,56,34,0,5396,0,216,554,321,0
181614,657,24,12,0,2709,0,105,241,139,0
181701,4748,92,32,0,6601,0,495,700,371,0
181702,176,8,4,0,946,0,24,59,48,0
181703,264,14,6,0,1189,0,47,90,37,0
181704,497,11,11,0,553,0,54,71,46,0
181705,1016,39,22,0,4223,0,133,295,157,0
181706,88,4,0,0,372,0,14,17,18,0
181707,853,18,13,0,2807,0,100,192,128,0
181708,613,17,8,0,1816,0,80,122,86,0
181801,6175,137,81,0,11765,0,922,1631,708,0
181802,225,12,5,0,1974,0,61,137,70,0
181803,589,22,8,0,2348,0,129,295,97,0
181804,329,17,11,0,1665,0,46,126,103,0
181805,482,17,8,0,1845,0,56,133,95,0
181806,635,16,10,0,2519,0,98,229,112,0
181901,499,25,14,0,3203,0,245,256,131,0
181902,403,28,14,0,2442,0,112,232,148,0
181903,350,20,11,0,3036,0,55,263,119,0
181904,1247,49,30,0,4544,0,247,563,220,0
181905,324,21,7,0,2014,0,53,149,102,0
182001,656,19,14,0,3174,0,109,185,128,0
182002,1085,33,11,0,2460,0,104,235,168,0
182003,442,25,15,0,2268,0,62,145,94,0
182004,1242,59,26,0,4068,0,212,398,211,0
182101,232,10,2,0,713,0,28,51,17,0
182102,375,8,4,0,286,0,71,34,20,0
182103,1108,20,10,0,2255,0,119,181,110,0
182104,418,14,6,0,993,0,43,103,57,0
182105,583,18,10,0,1543,0,87,104,63,0
186101,5991,122,37,0,8617,0,1079,1131,556,0
186201,7395,178,101,0,9786,0,785,1346,978,0
186301,29122,802,225,0,34160,0,3870,5464,3395,0
186401,6576,146,76,0,7562,0,855,904,497,0
200101,3210,114,0,0,5005,0,372,417,382,0
200102,288,26,0,0,1204,0,51,61,61,0
200103,193,6,0,0,847,0,24,42,36,0
200104,314,20,0,0,1021,0,44,48,40,0
200105,252,14,0,0,618,0,41,51,24,0
200106,260,13,0,0,415,0,22,35,38,0
200107,318,10,0,0,911,0,23,29,37,0
200201,1654,52,0,0,2977,0,181,368,413,0
200202,1200,35,0,0,1972,0,115,221,121,0
200203,876,25,0,0,1839,0,115,165,127,0
200204,704,35,0,0,423,0,106,42,40,0
200205,1821,57,0,0,3133,0,243,451,228,0
200206,1476,75,0,0,5331,0,177,396,299,0
200207,647,43,0,0,717,0,110,79,60,0
200208,110,12,0,0,978,0,8,54,36,0
200209,2707,95,0,0,2233,0,316,373,227,0
200210,125,6,0,0,566,0,20,19,26,0
200211,672,24,0,0,1508,0,92,128,96,0
200212,292,25,0,0,1567,0,39,99,51,0
200213,2156,50,0,0,2627,0,236,321,245,0
200214,857,41,0,0,1552,0,91,160,104,0
200215,83,9,0,0,678,0,12,30,20,0
200301,3136,185,0,0,3041,0,552,326,223,0
200302,198,19,0,0,1044,0,24,65,25,0
200303,560,67,0,0,810,0,87,44,56,0
200304,261,15,0,0,974,0,38,39,37,0
200305,158,23,0,0,1867,0,14,58,48,0
200306,318,23,0,0,180,0,71,35,29,0
200307,82,7,0,0,508,0,17,20,17,0
200308,149,12,0,0,1383,0,23,37,23,0
200401,1793,60,0,0,3584,0,206,503,170,0
200402,292,12,0,0,985,0,23,68,58,0
200403,125,15,0,0,1083,0,28,49,21,0
200404,383,16,0,0,770,0,50,66,52,0
200405,401,28,0,0,1154,0,44,65,56,0
200406,164,9,0,0,840,0,20,41,18,0
200501,3185,118,0,0,1855,0,451,289,263,0
200502,343,18,0,0,211,0,93,44,33,0
200503,331,30,0,0,310,0,50,48,28,0
200504,217,17,0,0,108,0,26,16,22,0
200505,143,11,0,0,166,0,37,12,19,0
200506,431,22,0,0,309,0,87,36,64,0
200507,258,17,0,0,292,0,57,44,29,0
200508,346,19,0,0,313,0,66,18,14,0
200509,396,19,0,0,265,0,75,40,29,0
200601,767,33,0,0,1743,0,125,164,106,0
200602,128,5,0,0,716,0,26,42,21,0
200603,294,31,0,0,1919,0,68,108,54,0
200604,149,15,0,0,1014,0,36,48,40,0
200605,189,18,0,0,1348,0,40,64,48,0
200606,207,13,0,0,1061,0,40,43,55,0
200701,143,14,0,0,1402,0,27,63,37,0
200702,772,25,0,0,2382,0,94,183,111,0
200703,112,4,0,0,912,0,17,33,30,0
200704,240,5,0,0,858,0,36,70,58,0
200705,517,26,0,0,2158,0,68,154,93,0
200706,33,5,0,0,583,0,6,24,4,0
200707,188,10,0,0,1362,0,28,96,45,0
200708,152,10,0,0,992,0,16,58,34,0
200709,178,16,0,0,801,0,24,41,36,0
200801,337,19,0,0,978,0,48,53,43,0
200802,182,6,0,0,622,0,20,36,32,0
200803,170,11,0,0,1121,0,28,43,52,0
200804,267,11,0,0,931,0,25,62,52,0
200805,231,6,0,0,757,0,26,55,16,0
200806,1187,47,0,0,2433,0,101,244,112,0
200807,115,13,0,0,919,0,21,42,19,0
200901,686,17,0,0,700,0,73,65,57,0
200902,265,17,0,0,492,0,33,49,38,0
200903,232,21,0,0,607,0,30,58,36,0
200904,508,15,0,0,326,0,48,36,28,0
200905,323,15,0,0,568,0,53,30,50,0
201001,1635,68,0,0,2233,0,234,235,150,0
201002,364,22,0,0,1355,0,51,86,55,0
201003,136,4,0,0,650,0,14,34,30,0
201004,214,13,0,0,1003,0,18,41,30,0
201005,308,13,0,0,371,0,45,43,34,0
201006,201,13,0,0,222,0,22,17,13,0
201007,307,14,0,0,437,0,61,60,35,0
201008,101,0,0,0,689,0,11,28,22,0
201009,379,29,0,0,896,0,72,62,57,0
201101,784,34,0,0,2429,0,109,197,125,0
201102,230,7,0,0,760,0,24,54,38,0
201103,155,11,0,0,622,0,19,62,46,0
201104,317,11,0,0,490,0,35,50,37,0
201105,190,12,0,0,881,0,28,59,28,0
201106,123,14,0,0,548,0,16,27,29,0
201107,148,12,0,0,649,0,23,38,32,0
201108,2196,79,0,0,4190,0,294,395,229,0
201109,411,22,0,0,1488,0,44,90,57,0
201110,202,12,0,0,496,0,29,34,30,0
201201,217,16,0,0,495,0,37,32,47,0
201202,235,16,0,0,759,0,37,26,84,0
201203,197,17,0,0,605,0,35,49,60,0
201204,137,7,0,0,572,0,15,48,55,0
201205,356,24,0,0,1163,0,51,80,83,0
201206,173,7,0,0,487,0,20,33,29,0
201207,785,31,0,0,1307,0,93,114,131,0
201208,292,19,0,0,590,0,39,52,46,0
201209,181,8,0,0,463,0,18,26,24,0
201301,970,40,0,0,1807,0,98,198,108,0
201302,461,26,0,0,2024,0,66,100,86,0
201303,269,19,0,0,1494,0,47,63,60,0
201304,111,12,0,0,1389,0,20,50,21,0
201305,54,8,0,0,1076,0,6,60,17,0
201306,63,10,0,0,988,0,6,68,23,0
201307,132,9,0,0,1168,0,16,46,31,0
201308,177,15,0,0,1618,0,31,87,65,0
201309,418,17,0,0,1702,0,41,123,53,0
201310,233,17,0,0,1290,0,22,73,48,0
201401,1995,70,0,0,3707,0,188,377,256,0
201402,79,6,0,0,767,0,3,50,30,0
201403,242,12,0,0,1301,0,39,71,39,0
201404,237,20,0,0,1158,0,19,58,45,0
201405,506,34,0,0,2069,0,55,146,104,0
206101,45508,1690,0,0,45501,0,5583,6779,3836,0
206201,6469,181,0,0,10851,0,774,1010,659,0
206301,8187,282,0,0,10134,0,1003,1047,902,0
220101,330,10,0,0,370,0,78,28,22,8
220102,3676,67,0,0,3281,0,590,283,178,56
220103,510,10,0,0,941,0,114,57,30,9
220104,351,6,0,0,472,0,166,43,36,13
220105,393,14,0,0,1141,0,58,58,46,10
220106,2399,37,0,0,2135,0,427,197,92,32
220107,408,10,0,0,741,0,64,52,25,20
220108,468,1,0,0,508,0,67,39,36,4
220109,355,10,0,0,403,0,116,16,28,7
220110,398,8,0,0,572,0,78,36,32,8
220201,6704,106,0,0,5120,0,778,540,314,125
220202,1242,39,0,0,2985,0,170,197,121,44
220203,2301,43,0,0,2565,0,315,223,168,48
220204,2010,44,0,0,3636,0,307,206,183,50
220205,217,12,0,0,302,0,40,29,28,7
220301,2496,61,0,0,1551,0,369,179,121,35
220302,1214,41,0,0,987,0,196,73,77,30
220303,834,32,0,0,1193,0,221,119,72,26
220304,968,34,0,0,952,0,160,71,58,22
220305,366,9,0,0,338,0,94,29,12,11
220306,736,25,0,0,705,0,123,87,32,32
220307,340,8,0,0,422,0,73,26,24,13
220401,6587,127,0,0,3048,0,627,442,323,143
220402,794,8,0,0,707,0,107,62,46,13
220403,3840,60,0,0,1713,0,347,301,192,71
220404,5904,102,0,0,2779,0,606,488,352,121
220405,856,19,0,0,676,0,95,52,51,8
220406,1425,23,0,0,1026,0,181,165,113,41
220407,476,11,0,0,356,0,52,33,47,13
220408,1228,40,0,0,1184,0,147,130,150,30
220501,802,15,0,0,1374,0,68,66,92,23
220502,5080,99,0,0,5384,0,479,409,341,95
220503,1078,23,0,0,1510,0,149,131,94,30
220504,1716,32,0,0,4530,0,157,191,199,60
220505,1093,26,0,0,1651,0,98,118,126,20
220506,1219,21,0,0,2014,0,122,115,96,32
220507,606,19,0,0,1057,0,71,50,62,9
220508,7263,105,0,0,4727,0,720,636,472,142
220601,4078,79,0,0,3188,0,372,281,211,67
220602,457,6,0,0,946,0,52,57,54,15
220603,686,18,0,0,1140,0,96,68,68,23
220604,1963,46,0,0,2618,0,205,173,166,39
220605,471,17,0,0,763,0,44,33,51,9
220606,391,11,0,0,787,0,61,58,53,18
220607,690,7,0,0,1084,0,79,63,71,11
220608,671,16,0,0,1146,0,82,66,71,22
220701,6715,162,0,0,4198,0,706,485,354,108
220702,514,25,0,0,910,0,81,62,43,10
220703,1177,34,0,0,1352,0,157,127,98,28
220704,1289,44,0,0,1537,0,184,132,100,28
220705,572,16,0,0,518,0,70,49,76,19
220706,437,17,0,0,800,0,78,65,54,17
220801,6088,92,0,0,3848,0,959,478,288,71
220802,1155,13,0,0,682,0,165,78,35,11
220803,771,19,0,0,956,0,180,62,42,18
220804,1685,33,0,0,1557,0,296,152,132,41
220805,619,15,0,0,507,0,165,65,62,5
220901,7139,133,0,0,3935,0,782,493,399,140
220903,391,10,0,0,434,0,52,39,33,18
220904,641,10,0,0,446,0,84,45,38,21
220906,301,7,0,0,427,0,47,35,33,7
220907,726,20,0,0,727,0,92,81,55,14
220908,606,22,0,0,472,0,66,39,43,9
221001,803,12,0,0,541,0,55,37,22,7
221002,2603,60,0,0,1712,0,271,195,154,31
221003,373,11,0,0,394,0,35,37,23,8
221004,1654,31,0,0,1180,0,164,125,90,22
221005,645,6,0,0,382,0,77,45,50,17
221101,810,19,0,0,363,0,76,78,47,9
221102,1231,17,0,0,967,0,82,79,44,18
221103,2347,45,0,0,1152,0,234,86,106,47
221104,3592,40,0,0,2181,0,369,261,168,137
221105,3374,52,0,0,1611,0,518,325,216,91
221106,1252,17,0,0,1500,0,171,117,87,31
221107,3064,58,0,0,3744,0,383,351,246,88
221201,3312,65,0,0,2133,0,516,158,129,66
221202,556,11,0,0,649,0,167,42,46,12
221203,914,15,0,0,945,0,223,66,46,28
221204,732,18,0,0,850,0,242,63,44,20
221205,1017,20,0,0,864,0,251,88,76,32
221206,1636,31,0,0,1201,0,380,108,122,34
221207,572,20,0,0,663,0,171,45,43,13
221208,2520,64,0,0,1740,0,656,214,122,39
221209,369,11,0,0,394,0,98,23,18,7
221210,1166,30,0,0,1102,0,292,136,85,25
221301,396,7,0,0,593,0,40,26,31,9
221302,434,4,0,0,570,0,43,36,27,14
221303,6778,109,0,0,6980,0,757,523,452,200
221304,195,5,0,0,504,0,42,37,33,11
221305,631,15,0,0,760,0,67,47,45,12
221306,707,13,0,0,944,0,82,57,79,24
221307,246,9,0,0,526,0,29,34,25,10
221308,325,10,0,0,435,0,35,24,39,11
221309,1453,29,0,0,2148,0,166,158,113,26
221310,308,8,0,0,816,0,40,52,29,10
221311,417,12,0,0,773,0,60,69,48,23
221312,2084,53,0,0,2419,0,254,218,193,70
221313,1226,13,0,0,1668,0,122,129,92,25
221401,9613,187,0,0,7576,0,1086,920,491,223
221402,1491,65,0,0,1871,0,218,145,121,60
221403,248,10,0,0,485,0,39,30,30,4
221404,1518,46,0,0,2072,0,173,165,96,51
221405,537,17,0,0,655,0,85,74,56,27
221406,1970,37,0,0,1689,0,245,221,166,58
221501,4865,91,0,0,2591,0,786,501,303,130
221502,10211,175,0,0,5769,0,1289,987,826,256
221503,8231,167,0,0,5872,0,1054,704,420,184
221504,740,12,0,0,586,0,115,61,39,19
221505,772,22,0,0,767,0,101,107,45,17
221506,471,11,0,0,1275,0,74,67,73,7
221507,1506,44,0,0,2584,0,245,234,150,57
221508,1093,33,0,0,1703,0,201,160,105,28
221509,2546,50,0,0,2561,0,331,269,200,71
221510,3364,76,0,0,3363,0,550,390,267,82
221601,955,34,0,0,959,0,167,68,87,17
221602,257,9,0,0,447,0,32,31,29,6
221603,328,9,0,0,401,0,48,13,15,8
221604,422,17,0,0,631,0,56,39,53,13
221605,2917,73,0,0,1837,0,328,214,170,66
226101,118309,1957,0,0,52049,0,9620,8025,4404,1853
226201,60900,1174,0,0,27341,0,8254,4531,2606,1292
226301,16101,294,0,0,10683,0,3668,1196,720,259
226401,11159,167,0,0,4535,0,1144,684,331,180
229801,50,2,0,0,28,0,7,14,3,0
240101,9617,288,0,0,6795,0,1781,889,681,240
240102,5664,216,0,0,3858,0,1088,509,421,146
240103,1502,65,0,0,1035,0,525,163,152,45
240104,1967,49,0,0,1720,0,333,183,182,49
240105,901,45,0,0,1147,0,183,126,124,36
240106,2016,63,0,0,1631,0,410,225,153,48
240107,1461,70,0,0,2238,0,259,221,165,58
240108,940,27,0,0,1201,0,200,142,97,26
240201,691,27,0,0,1332,0,104,109,84,18
240202,1670,53,0,0,1980,0,248,220,211,36
240203,1332,52,0,0,2306,0,172,186,166,51
240204,6679,194,0,0,7470,0,996,829,705,199
240205,3359,96,0,0,4475,0,460,399,407,100
240206,1694,37,0,0,976,0,182,141,132,35
240207,1856,58,0,0,2331,0,277,226,238,69
240208,1618,63,0,0,3254,0,250,300,264,60
240209,1839,67,0,0,3774,0,276,307,305,90
240210,2360,53,0,0,2363,0,324,261,193,59
240301,6953,174,0,0,4373,0,732,583,438,140
240302,3803,85,0,0,2476,0,398,270,206,64
240303,2498,50,0,0,721,0,163,180,80,29
240304,1292,37,0,0,2026,0,221,187,149,39
240305,1010,38,0,0,1868,0,173,168,117,31
240306,789,12,0,0,790,0,86,76,70,22
240307,2548,49,0,0,1304,0,237,208,154,50
240308,1300,53,0,0,1598,0,195,172,122,29
240309,837,30,0,0,3127,0,87,147,113,37
240310,3515,104,0,0,4118,0,506,430,347,98
240311,1532,43,0,0,2461,0,220,188,188,40
240312,1572,55,0,0,2304,0,216,226,211,61
240401,1790,60,0,0,1831,0,264,215,196,53
240402,289,15,0,0,826,0,51,39,51,17
240403,475,28,0,0,1377,0,96,73,73,13
240404,769,35,0,0,807,0,109,65,83,22
240405,1185,54,0,0,2650,0,218,162,228,57
240406,719,41,0,0,2028,0,117,119,137,33
240407,1230,47,0,0,1568,0,181,140,133,38
240408,366,10,0,0,921,0,60,64,78,16
240409,298,14,0,0,1234,0,57,68,73,20
240410,978,37,0,0,2308,0,148,142,214,37
240411,1506,72,0,0,3182,0,161,211,234,61
240412,1061,29,0,0,1436,0,183,107,104,32
240413,1670,48,0,0,2063,0,229,192,173,44
240414,304,11,0,0,835,0,33,44,46,5
240415,1058,43,0,0,1762,0,164,134,146,42
240416,345,6,0,0,486,0,38,32,41,4
240501,4543,167,0,0,6008,0,718,583,570,139
240502,2446,70,0,0,2070,0,366,298,202,61
240503,1616,41,0,0,2230,0,161,201,250,47
240504,1708,35,0,0,1720,0,187,136,121,53
240505,1199,35,0,0,1373,0,141,138,142,39
240506,1299,23,0,0,971,0,119,116,98,22
240507,913,27,0,0,1265,0,131,136,86,44
240508,459,13,0,0,756,0,48,63,49,21
240601,2961,83,0,0,3215,0,339,355,296,54
240602,955,30,0,0,1771,0,113,127,118,19
240603,692,19,0,0,1274,0,60,60,88,15
240604,533,28,0,0,1768,0,53,106,105,19
240605,777,21,0,0,1024,0,62,95,92,16
240606,538,19,0,0,774,0,73,60,90,14
240607,531,25,0,0,1068,0,85,73,104,9
240608,604,24,0,0,980,0,61,62,41,15
240609,2005,57,0,0,2768,0,218,240,218,47
240701,3475,99,0,0,3484,0,361,456,390,105
240702,284,13,0,0,606,0,50,37,61,9
240703,633,14,0,0,901,0,63,58,80,16
240704,856,25,0,0,1116,0,103,113,122,23
240705,527,15,0,0,1189,0,41,82,93,28
240706,1113,33,0,0,2269,0,136,144,131,44
240707,473,8,0,0,941,0,37,74,68,31
240708,851,36,0,0,1995,0,78,138,148,35
240801,3003,81,0,0,3469,0,408,325,338,104
240802,7465,158,0,0,6101,0,939,672,653,177
240803,2443,71,0,0,3932,0,343,446,319,91
240804,573,17,0,0,1177,0,110,85,100,20
240805,1157,32,0,0,1397,0,162,168,135,39
240901,3588,141,0,0,5219,0,783,530,381,104
240902,1094,39,0,0,2995,0,226,221,279,48
240903,263,11,0,0,1615,0,38,67,51,33
240904,1561,47,0,0,1793,0,238,141,138,27
240905,795,29,0,0,1713,0,108,128,99,33
241001,1102,36,0,0,1460,0,170,109,114,32
241002,626,16,0,0,1165,0,86,92,61,22
241003,1222,47,0,0,3874,0,183,258,227,46
241004,1476,59,0,0,3978,0,228,286,295,57
241005,6924,159,0,0,9838,0,958,884,826,187
241006,1073,32,0,0,2618,0,145,247,233,51
241101,6911,209,0,0,6849,0,1029,770,519,131
241102,440,14,0,0,1016,0,55,100,68,18
241103,495,16,0,0,554,0,73,66,39,8
241104,1064,16,0,0,1161,0,101,106,87,32
241105,1196,24,0,0,1175,0,156,170,119,36
241106,633,22,0,0,887,0,102,113,59,24
241107,597,11,0,0,848,0,70,62,61,17
241108,340,10,0,0,681,0,42,41,49,4
241201,4037,152,0,0,7524,0,577,604,514,141
241202,1000,26,0,0,1630,0,187,142,150,30
241203,390,16,0,0,896,0,74,54,73,15
241204,1135,41,0,0,1680,0,180,131,143,52
241205,1001,33,0,0,2797,0,156,228,185,42
241301,1016,27,0,0,1468,0,104,139,149,13
241302,701,14,0,0,1365,0,99,91,68,37
241303,2241,49,0,0,2969,0,306,311,232,79
241304,10662,222,0,0,8923,0,1389,1046,849,303
241305,429,13,0,0,524,0,83,67,48,5
241306,776,38,0,0,989,0,110,103,108,18
241307,1848,26,0,0,1844,0,201,178,132,54
241308,935,13,0,0,1378,0,130,118,87,38
241309,2063,48,0,0,1741,0,267,258,200,66
241401,1942,81,0,0,3919,0,292,340,276,71
241402,1191,42,0,0,1723,0,148,145,163,49
241403,1365,56,0,0,3481,0,197,226,204,62
241404,756,21,0,0,2033,0,121,156,130,38
241405,687,32,0,0,1357,0,88,109,112,27
241501,1292,39,0,0,2444,0,186,200,161,38
241502,1987,70,0,0,2695,0,373,250,453,74
241503,2291,80,0,0,3451,0,357,324,287,78
241504,5978,170,0,0,8251,0,863,844,727,127
241505,1386,53,0,0,2817,0,180,217,291,56
241506,2058,64,0,0,3787,0,240,314,289,78
241507,577,20,0,0,1370,0,74,98,57,33
241508,510,13,0,0,1181,0,89,63,83,12
241509,527,14,0,0,1980,0,56,90,119,29
241601,1339,28,0,0,1197,0,209,138,78,47
241602,6897,231,0,0,7434,0,1158,1054,616,193
241603,140,7,0,0,688,0,27,24,37,3
241604,579,29,0,0,1314,0,80,85,72,24
241605,2061,82,0,0,2589,0,372,273,235,69
241606,1107,27,0,0,1709,0,160,342,79,28
241607,706,23,0,0,2117,0,93,142,94,19
241608,572,41,0,0,1834,0,89,88,92,21
241609,522,25,0,0,1075,0,95,99,52,14
241610,272,15,0,0,1259,0,42,52,53,8
241701,4667,117,0,0,5390,0,701,625,452,116
241702,677,19,0,0,1689,0,80,103,73,19
241703,525,16,0,0,1410,0,80,94,73,18
241704,998,31,0,0,3247,0,135,167,149,24
241705,144,7,0,0,660,0,24,48,19,5
241706,1074,41,0,0,1987,0,157,202,131,33
241707,336,8,0,0,1092,0,57,54,67,18
241708,1471,46,0,0,3209,0,291,313,238,63
241709,673,20,0,0,2399,0,90,144,109,20
241710,794,44,0,0,3191,0,139,194,172,36
241711,694,25,0,0,1882,0,80,106,96,16
241712,284,9,0,0,1023,0,34,63,47,5
241713,740,23,0,0,1826,0,123,137,115,29
241714,365,7,0,0,996,0,43,45,38,12
241715,1284,41,0,0,3680,0,137,291,164,31
246101,30211,749,0,0,27477,0,4124,3290,2436,600
246201,20134,655,0,0,18590,0,3631,2418,1763,524
246301,17808,448,0,0,11545,0,2270,1662,1332,448
246401,38779,968,0,0,33997,0,4532,3495,3417,1229
246501,19358,718,0,0,15724,0,3778,1926,1396,470
246601,34826,850,0,0,21790,0,3843,3399,2318,738
246701,9460,339,0,0,16427,0,1395,1547,1244,243
246801,12416,441,0,0,13316,0,1982,1632,1436,321
246901,59093,1495,0,0,39579,0,7918,5386,3828,1415
247001,10591,302,0,0,11395,0,1425,1234,854,300
247101,7299,191,0,0,8602,0,924,811,600,203
247201,17158,585,0,0,20178,0,2369,1911,1903,573
247301,17369,401,0,0,22102,0,3137,2320,2153,456
247401,11142,305,0,0,8365,0,1631,1063,898,316
247501,35405,1152,0,0,26361,0,5926,3266,2322,878
247601,6451,204,0,0,5909,0,967,682,567,165
247701,20238,553,0,0,19908,0,3450,2332,1960,610
247801,21556,740,0,0,17942,0,3002,2547,1945,630
247901,7681,222,0,0,9903,0,1225,995,901,197
260101,4465,88,23,0,6985,0,465,425,349,39
260102,246,16,5,0,1174,0,26,32,26,3
260103,847,4,1,0,1303,0,44,42,41,6
260104,586,5,9,0,1707,0,45,58,51,5
260105,659,12,9,0,1269,0,38,41,58,5
260106,610,13,3,0,1841,0,50,64,62,3
260107,200,3,9,0,967,0,27,32,23,4
260108,389,6,8,0,1295,0,23,31,45,2
260201,292,10,5,0,1039,0,23,19,26,6
260202,3068,70,24,0,5871,0,376,299,328,47
260203,650,18,3,0,3064,0,88,111,99,9
260204,324,11,5,0,1169,0,39,55,44,2
260205,344,2,3,0,1232,0,19,38,40,2
260206,1129,24,6,0,2785,0,128,115,129,10
260207,268,3,3,0,988,0,37,26,34,1
260208,565,19,6,0,2147,0,79,115,80,9
260209,530,16,6,0,1792,0,64,58,72,15
260301,317,6,3,0,740,0,19,31,53,3
260302,322,7,2,0,846,0,16,27,28,4
260303,1457,23,10,0,3196,0,121,126,225,16
260304,390,4,1,0,624,0,26,43,20,3
260305,407,6,4,0,1445,0,37,42,62,1
260401,557,6,5,0,2699,0,69,151,85,32
260402,887,12,8,0,2528,0,74,146,101,14
260403,1405,41,11,0,3536,0,145,271,189,29
260404,840,25,6,0,2694,0,80,149,124,18
260405,1281,16,4,0,3465,0,90,268,179,18
260406,988,19,8,0,3705,0,120,252,150,25
260407,324,12,8,0,1720,0,24,78,54,8
260408,666,18,0,0,2508,0,58,134,109,13
260409,1333,26,7,0,2339,0,144,181,128,14
260410,1405,27,10,0,2406,0,141,173,151,23
260411,497,3,3,0,2575,0,51,93,63,11
260412,1902,37,18,0,3450,0,213,253,194,26
260413,633,12,7,0,2161,0,54,85,73,11
260414,1155,30,9,0,3894,0,129,232,180,28
260415,308,9,6,0,1212,0,34,44,67,2
260416,384,6,6,0,1350,0,42,44,45,6
260417,1043,13,10,0,1475,0,109,132,85,18
260418,676,13,4,0,2899,0,58,167,133,15
260419,1418,29,8,0,2911,0,206,219,169,27
260501,232,13,2,0,1124,0,38,30,20,3
260502,274,6,2,0,1132,0,58,43,37,9
260503,4290,78,25,0,7585,0,452,439,376,74
260504,533,10,4,0,2237,0,44,104,65,5
260505,301,4,1,0,864,0,21,37,16,5
260506,216,7,7,0,834,0,19,13,27,4
260507,213,7,2,0,1004,0,28,49,19,2
260508,1604,72,17,0,3209,0,147,176,216,26
260601,218,3,2,0,1345,0,29,54,49,4
260602,370,11,9,0,1670,0,28,61,48,5
260603,262,4,7,0,1126,0,41,42,53,6
260604,1055,35,16,0,2596,0,157,133,142,15
260605,1032,36,15,0,2064,0,110,105,102,21
260606,259,9,2,0,985,0,34,44,43,3
260607,259,15,6,0,1218,0,34,58,48,14
260608,368,12,3,0,810,0,39,31,41,5
260701,9237,191,76,0,10930,0,1139,883,686,94
260702,318,9,4,0,682,0,22,47,38,4
260703,1370,34,16,0,2408,0,178,211,147,22
260704,602,30,6,0,1176,0,53,91,78,3
260705,778,29,11,0,1905,0,134,106,132,14
260706,328,7,3,0,1549,0,30,59,51,6
260801,429,13,3,0,1022,0,28,38,29,3
260802,325,10,2,0,1095,0,42,68,55,8
260803,405,9,2,0,1063,0,33,32,39,2
260804,2322,58,23,0,4059,0,205,272,224,28
260805,412,4,3,0,907,0,24,25,19,5
260901,3556,66,39,0,3768,0,527,336,290,40
260902,894,16,1,0,1488,0,89,81,81,12
260903,528,16,8,0,1671,0,48,72,62,4
260904,598,11,5,0,1628,0,34,89,59,11
260905,584,11,6,0,1780,0,43,96,63,5
260906,516,6,1,0,1271,0,60,77,60,6
260907,824,21,8,0,1783,0,62,142,79,7
260908,319,10,2,0,694,0,36,47,38,5
260909,444,7,0,0,844,0,41,22,42,9
261001,6840,124,50,0,7733,0,740,657,523,87
261002,733,19,7,0,1682,0,90,83,102,10
261003,304,11,4,0,1228,0,49,83,78,9
261004,575,12,3,0,1255,0,66,104,91,8
261005,1388,25,9,0,1864,0,161,163,136,24
261101,7163,202,72,0,8176,0,849,755,649,111
261102,760,23,12,0,2310,0,111,141,200,18
261103,580,18,9,0,2075,0,52,102,135,13
261104,643,10,8,0,3828,0,67,171,113,11
261105,703,20,5,0,1418,0,110,85,87,16
261201,421,9,9,0,1937,0,42,91,51,13
261202,178,4,4,0,1141,0,23,49,42,3
261203,261,6,1,0,825,0,14,22,35,5
261204,282,10,4,0,2447,0,46,73,71,8
261205,1094,29,11,0,2808,0,124,176,126,18
261206,387,9,3,0,1476,0,62,80,68,9
261207,2526,47,34,0,5452,0,273,333,265,29
261208,419,8,7,0,1106,0,32,61,55,6
261301,337,7,5,0,1467,0,33,53,37,13
261302,687,17,7,0,2718,0,65,135,114,18
261303,214,6,2,0,704,0,11,12,20,3
261304,276,6,3,0,515,0,15,22,15,1
261305,383,5,7,0,1136,0,38,45,33,3
261306,2172,29,11,0,4476,0,174,268,204,15
266101,35451,645,176,0,33860,0,3806,3967,2706,498
280101,3384,101,0,0,2812,0,479,287,389,0
280102,674,10,0,0,376,0,40,38,30,0
280103,793,31,0,0,1357,0,126,111,111,0
280104,472,16,0,0,613,0,69,60,57,0
280105,663,36,0,0,579,0,81,62,54,0
280106,494,18,0,0,651,0,71,40,55,0
280201,2397,62,0,0,1693,0,433,242,173,0
280202,467,17,0,0,620,0,78,50,37,0
280203,458,20,0,0,357,0,106,43,34,0
280204,199,7,0,0,272,0,28,18,17,0
280205,576,19,0,0,750,0,64,51,45,0
280206,191,15,0,0,254,0,37,25,23,0
280207,331,19,0,0,322,0,25,22,16,0
280301,2876,113,0,0,2876,0,389,237,230,0
280302,500,47,0,0,1193,0,101,74,84,0
280303,545,36,0,0,954,0,124,68,63,0
280304,1116,63,0,0,2041,0,186,131,125,0
280305,391,27,0,0,885,0,75,51,67,0
280306,504,48,0,0,1258,0,113,89,93,0
280401,752,33,0,0,731,0,165,79,72,0
280402,168,5,0,0,408,0,31,20,16,0
280403,431,25,0,0,477,0,112,41,62,0
280404,246,14,0,0,449,0,66,38,31,0
280405,309,8,0,0,445,0,67,44,40,0
280406,444,19,0,0,486,0,70,54,42,0
280407,2308,62,0,0,2035,0,355,199,162,0
280408,289,17,0,0,337,0,35,28,24,0
280409,646,17,0,0,731,0,137,73,61,0
280501,6951,232,0,0,7065,0,981,1089,607,0
280502,996,29,0,0,1207,0,143,160,114,0
280503,313,11,0,0,877,0,57,64,55,0
280504,374,23,0,0,861,0,34,72,34,0
280505,325,18,0,0,406,0,41,47,22,0
280601,4586,170,0,0,3028,0,749,494,325,0
280604,975,39,0,0,932,0,187,124,111,0
280605,410,14,0,0,283,0,56,37,39,0
280606,334,16,0,0,510,0,48,28,32,0
280608,554,18,0,0,717,0,97,67,58,0
280610,576,20,0,0,772,0,94,92,64,0
280701,4691,174,0,0,4335,0,1406,493,380,0
280702,1088,65,0,0,1474,0,170,163,142,0
280703,1002,42,0,0,1620,0,290,146,119,0
280704,376,24,0,0,802,0,97,53,52,0
280705,578,47,0,0,1884,0,98,129,119,0
280706,888,77,0,0,1422,0,174,152,112,0
280707,570,19,0,0,710,0,90,48,46,0
280801,4113,114,0,0,3172,0,525,392,280,0
280802,364,14,0,0,570,0,52,27,41,0
280803,677,52,0,0,801,0,96,94,114,0
280804,721,41,0,0,1013,0,117,99,148,0
280805,952,45,0,0,896,0,126,90,64,0
280806,374,24,0,0,369,0,54,34,46,0
280901,3177,43,0,0,1584,0,216,215,161,0
280902,301,10,0,0,424,0,26,53,19,0
280903,625,21,0,0,600,0,58,76,61,0
280904,250,7,0,0,400,0,31,39,22,0
280905,1274,46,0,0,1387,0,178,117,88,0
281001,3245,85,0,0,2605,0,519,349,224,0
281002,1084,34,0,0,948,0,130,86,80,0
281003,812,38,0,0,900,0,144,96,74,0
281004,618,25,0,0,1007,0,104,102,80,0
281005,556,24,0,0,539,0,77,64,45,0
281101,185,13,0,0,563,0,23,26,22,0
281102,183,5,0,0,420,0,39,34,25,0
281103,282,29,0,0,698,0,51,44,61,0
281104,2267,83,0,0,2859,0,325,272,226,0
281201,1465,67,0,0,1354,0,227,142,138,0
281202,771,47,0,0,1354,0,128,82,73,0
281203,313,15,0,0,1248,0,62,53,68,0
281204,625,41,0,0,1467,0,106,96,112,0
281205,595,34,0,0,1223,0,115,87,74,0
281303,293,13,0,0,549,0,40,35,43,0
281304,2111,87,0,0,2729,0,380,282,240,0
281305,288,8,0,0,410,0,39,41,31,0
281306,165,3,0,0,513,0,23,62,32,0
281401,2389,78,0,0,1888,0,445,251,223,0
281402,2798,42,0,0,1886,0,212,190,106,0
281403,1771,65,0,0,1917,0,295,292,176,0
281404,2090,53,0,0,1240,0,434,190,177,0
281405,1111,52,0,0,657,0,215,143,68,0
281406,702,25,0,0,803,0,100,80,46,0
281407,1068,33,0,0,670,0,230,121,175,0
281408,297,7,0,0,369,0,28,17,37,0
281409,1465,68,0,0,1477,0,273,231,118,0
281410,1166,33,0,0,848,0,240,99,101,0
281411,2049,65,0,0,915,0,404,182,164,0
281412,310,6,0,0,403,0,59,44,35,0
281501,5151,200,0,0,3597,0,1014,461,432,0
281502,258,22,0,0,520,0,45,30,39,0
281503,357,25,0,0,515,0,59,31,43,0
281504,476,18,0,0,373,0,80,43,41,0
281505,546,22,0,0,570,0,83,54,54,0
281506,458,27,0,0,587,0,49,54,34,0
281507,431,36,0,0,458,0,114,50,121,0
281508,2992,98,0,0,2604,0,428,283,219,0
281509,1505,69,0,0,1625,0,305,237,192,0
281601,764,48,0,0,1520,0,83,120,73,0
281602,889,34,0,0,1102,0,130,117,79,0
281603,2361,103,0,0,4003,0,338,375,280,0
281604,913,35,0,0,1353,0,152,151,81,0
281701,3539,111,0,0,3220,0,487,335,241,0
281702,507,27,0,0,721,0,86,46,40,0
281703,389,14,0,0,482,0,54,38,25,0
281704,467,20,0,0,683,0,103,70,58,0
281705,313,11,0,0,931,0,36,73,35,0
281706,1310,42,0,0,1544,0,185,137,136,0
281707,591,21,0,0,893,0,80,61,45,0
281708,449,19,0,0,819,0,60,55,46,0
281801,340,22,0,0,375,0,70,29,18,0
281802,168,15,0,0,409,0,33,31,26,0
281803,2415,63,0,0,2065,0,345,222,155,0
281901,218,13,0,0,382,0,27,17,27,0
281902,335,19,0,0,407,0,44,24,27,0
281903,2232,64,0,0,1652,0,318,192,200,0
286101,18269,645,0,0,14451,0,3281,1592,1333,0
286201,31379,1156,0,0,19825,0,6669,3182,2279,0
300101,3631,139,0,0,1961,0,662,275,284,0
300102,983,49,0,0,920,0,195,109,128,0
300103,842,50,0,0,638,0,179,67,103,0
300104,926,40,0,0,769,0,198,88,113,0
300105,744,24,0,0,910,0,176,72,89,0
300201,2068,70,0,0,1207,0,277,161,145,0
300202,1189,66,0,0,1346,0,207,148,174,0
300203,502,31,0,0,928,0,127,84,63,0
300204,1072,40,0,0,958,0,172,110,76,0
300205,1006,26,0,0,889,0,128,139,105,0
300206,546,32,0,0,887,0,112,84,67,0
300207,3579,117,0,0,2451,0,544,369,321,0
300208,1248,56,0,0,1517,0,240,129,154,0
300301,11174,432,0,0,8454,0,1868,1151,1047,0
300302,812,42,0,0,1177,0,170,122,141,0
300303,1538,58,0,0,1519,0,252,208,195,0
300304,530,43,0,0,775,0,97,52,76,0
300305,685,42,0,0,1215,0,124,106,101,0
300306,810,43,0,0,878,0,157,71,115,0
300307,285,16,0,0,597,0,58,49,51,0
300308,499,41,0,0,905,0,112,93,82,0
300309,1254,65,0,0,1754,0,281,193,178,0
300310,1529,82,0,0,2057,0,339,175,188,0
300401,557,22,0,0,990,0,81,88,103,0
300402,3328,172,0,0,3880,0,556,532,566,0
300403,973,52,0,0,2011,0,151,153,172,0
300404,439,28,0,0,1092,0,56,80,67,0
300405,814,32,0,0,1249,0,105,135,126,0
300406,378,33,0,0,641,0,54,40,59,0
300407,483,35,0,0,972,0,108,106,94,0
300501,434,29,0,0,777,0,71,72,83,0
300502,2588,119,0,0,2473,0,459,268,302,0
300503,581,35,0,0,923,0,83,69,117,0
300504,1285,73,0,0,1609,0,180,164,184,0
300505,598,27,0,0,1005,0,82,77,91,0
300601,592,23,0,0,1520,0,104,83,87,0
300602,5416,222,0,0,6359,0,1000,585,634,0
300603,531,23,0,0,1169,0,108,86,79,0
300604,756,48,0,0,1889,0,111,99,140,0
300701,1006,45,0,0,1628,0,149,130,154,0
300702,420,15,0,0,1023,0,56,72,129,0
300703,407,20,0,0,750,0,54,47,52,0
300704,778,32,0,0,1729,0,161,163,154,0
300705,476,20,0,0,1345,0,64,78,76,0
300706,424,16,0,0,910,0,46,48,65,0
300707,280,19,0,0,935,0,68,53,61,0
300708,1120,50,0,0,2047,0,190,184,200,0
300709,610,9,0,0,1236,0,92,84,100,0
300710,467,20,0,0,1785,0,56,79,83,0
300711,737,43,0,0,1880,0,163,133,157,0
300801,872,33,0,0,1464,0,137,131,122,0
300802,742,22,0,0,1117,0,115,79,80,0
300803,3577,75,0,0,4077,0,493,377,264,0
300804,534,26,0,0,968,0,62,104,61,0
300805,385,11,0,0,567,0,51,62,28,0
300806,375,6,0,0,629,0,42,51,31,0
300807,453,18,0,0,964,0,40,64,57,0
300901,2918,114,0,0,3524,0,449,352,247,0
300902,461,20,0,0,1632,0,71,104,77,0
300903,162,16,0,0,620,0,35,42,36,0
300904,376,25,0,0,1455,0,52,63,60,0
300905,362,21,0,0,1215,0,71,75,71,0
300906,1022,54,0,0,2225,0,156,186,133,0
300907,591,22,0,0,1522,0,114,113,98,0
300908,423,22,0,0,1440,0,120,102,71,0
300909,177,16,0,0,956,0,36,56,47,0
300910,336,22,0,0,1236,0,84,77,81,0
300911,259,13,0,0,723,0,44,52,21,0
301001,981,43,0,0,2219,0,249,163,147,0
301002,295,24,0,0,973,0,52,47,42,0
301003,1017,57,0,0,2041,0,238,156,176,0
301004,618,37,0,0,2062,0,113,122,105,0
301005,674,37,0,0,2122,0,156,149,170,0
301006,447,21,0,0,1561,0,150,104,79,0
301007,515,34,0,0,1750,0,109,107,118,0
301008,514,31,0,0,1361,0,138,99,90,0
301009,287,28,0,0,1037,0,88,74,68,0
301010,583,37,0,0,2051,0,145,158,141,0
301011,1350,52,0,0,2244,0,286,177,150,0
301012,1107,56,0,0,2669,0,210,174,137,0
301013,257,26,0,0,1531,0,48,47,76,0
301014,358,27,0,0,1218,0,69,44,63,0
301101,4428,143,0,0,2842,0,658,334,336,0
301102,1444,64,0,0,1367,0,234,181,151,0
301103,1808,83,0,0,2009,0,288,230,196,0
301104,727,51,0,0,1599,0,89,111,136,0
301105,1600,92,0,0,2362,0,290,192,215,0
301201,256,10,0,0,452,0,38,33,33,0
301202,640,41,0,0,1289,0,95,80,76,0
301203,1316,79,0,0,2000,0,163,153,176,0
301204,5137,201,0,0,5981,0,734,607,455,0
301205,324,18,0,0,996,0,34,62,52,0
301206,727,112,0,0,1044,0,111,102,80,0
301301,728,28,0,0,1200,0,111,118,98,0
301302,918,24,0,0,963,0,222,139,86,0
301303,925,45,0,0,1278,0,179,160,114,0
301304,1111,30,0,0,1243,0,222,130,137,0
301305,822,34,0,0,929,0,200,127,154,0
301306,351,13,0,0,543,0,59,63,49,0
301307,975,50,0,0,1270,0,210,121,157,0
301401,390,14,0,0,398,0,43,24,30,0
301402,849,26,0,0,795,0,113,61,58,0
301403,2912,112,0,0,1954,0,418,227,222,0
301404,1323,37,0,0,915,0,149,104,100,0
301501,508,22,0,0,739,0,63,78,62,0
301502,1098,40,0,0,1080,0,104,86,149,0
301503,483,12,0,0,481,0,66,54,56,0
301504,4656,147,0,0,2798,0,605,387,396,0
301505,2382,52,0,0,2097,0,302,211,201,0
301506,2625,33,0,0,1487,0,149,209,142,0
301601,5435,165,0,0,3645,0,871,578,420,0
301602,2367,82,0,0,1949,0,398,221,213,0
301603,721,46,0,0,879,0,106,90,86,0
301701,13172,333,0,0,9009,0,2198,1295,1047,0
301702,1588,52,0,0,2448,0,238,209,195,0
301703,1095,66,0,0,3142,0,222,254,192,0
301704,1820,83,0,0,3283,0,366,305,246,0
301705,1414,57,0,0,2166,0,217,180,171,0
301706,963,55,0,0,2147,0,204,176,183,0
301707,700,24,0,0,1723,0,104,143,66,0
301708,443,16,0,0,1131,0,78,78,61,0
301801,253,6,0,0,485,0,11,37,34,0
301802,483,25,0,0,983,0,47,48,57,0
301803,975,26,0,0,1267,0,90,135,97,0
301804,822,29,0,0,897,0,88,89,66,0
301805,382,6,0,0,572,0,36,46,31,0
301806,452,14,0,0,1146,0,61,94,64,0
301807,3938,69,0,0,3035,0,425,375,234,0
301901,13520,356,0,0,8052,0,2383,1228,1595,0
301902,529,27,0,0,746,0,71,65,85,0
301903,861,41,0,0,1131,0,181,133,207,0
301904,576,37,0,0,1676,0,127,105,109,0
301905,354,14,0,0,375,0,89,47,58,0
301906,1230,27,0,0,867,0,231,121,195,0
301907,1009,46,0,0,996,0,201,128,162,0
301908,1313,65,0,0,1849,0,244,169,179,0
301909,572,22,0,0,874,0,74,81,98,0
302001,424,20,0,0,784,0,55,56,44,0
302002,466,11,0,0,963,0,29,48,42,0
302003,782,47,0,0,1253,0,101,86,98,0
302004,285,11,0,0,881,0,48,43,70,0
302005,1201,37,0,0,1819,0,207,128,170,0
302006,3934,137,0,0,4121,0,594,434,370,0
302101,6317,241,0,0,3420,0,1447,622,615,0
302102,2774,59,0,0,1232,0,409,193,172,0
302103,1813,65,0,0,1670,0,300,194,180,0
302104,5744,196,0,0,2952,0,1073,519,538,0
302105,6374,171,0,0,2436,0,1179,519,482,0
302106,1605,65,0,0,987,0,308,177,167,0
302107,6630,193,0,0,2389,0,1299,597,479,0
302108,2438,98,0,0,2257,0,499,329,298,0
302109,5534,196,0,0,2834,0,1079,608,508,0
302110,5633,209,0,0,3909,0,1221,590,587,0
302111,3008,109,0,0,1785,0,646,260,327,0
302112,3482,126,0,0,2204,0,706,402,362,0
302113,4067,107,0,0,1544,0,724,357,336,0
302114,2387,90,0,0,1815,0,407,237,165,0
302115,4745,113,0,0,1778,0,771,372,340,0
302116,10311,327,0,0,5270,0,2000,986,889,0
302117,6976,140,0,0,2853,0,1111,459,479,0
302201,861,45,0,0,1012,0,173,92,62,0
302202,539,28,0,0,968,0,77,73,62,0
302203,790,29,0,0,1442,0,133,115,125,0
302204,364,12,0,0,767,0,41,56,55,0
302205,4074,158,0,0,3557,0,810,485,389,0
302301,2092,104,0,0,2017,0,335,184,205,0
302302,458,34,0,0,1055,0,105,53,69,0
302303,336,26,0,0,563,0,52,39,63,0
302304,350,23,0,0,875,0,36,46,42,0
302305,323,18,0,0,390,0,60,53,27,0
302306,626,36,0,0,1700,0,122,96,104,0
302307,948,55,0,0,1692,0,198,148,164,0
302308,610,44,0,0,1372,0,128,104,89,0
302401,305,10,0,0,266,0,72,14,36,0
302402,981,40,0,0,1308,0,163,147,97,0
302403,1307,50,0,0,905,0,249,135,115,0
302404,428,13,0,0,512,0,90,43,52,0
302405,663,21,0,0,556,0,108,41,35,0
302406,1925,40,0,0,1535,0,154,180,150,0
302407,5225,130,0,0,3307,0,715,449,326,0
302408,3407,94,0,0,2005,0,521,266,253,0
302501,227,27,0,0,463,0,41,105,50,0
302502,558,31,0,0,975,0,115,213,91,0
302503,803,45,0,0,1284,0,200,175,130,0
302504,3974,178,0,0,3631,0,758,1777,384,0
302505,944,43,0,0,798,0,169,229,98,0
302601,522,34,0,0,480,0,132,48,66,0
302602,457,18,0,0,756,0,99,68,60,0
302603,707,28,0,0,1113,0,118,114,127,0
302604,5985,273,0,0,5020,0,1198,659,734,0
302701,3711,128,0,0,4585,0,615,409,436,0
302702,313,20,0,0,1365,0,52,81,68,0
302703,378,26,0,0,1320,0,57,77,66,0
302704,270,14,0,0,1176,0,47,34,63,0
302705,310,16,0,0,1088,0,59,89,71,0
302706,209,17,0,0,1046,0,40,43,60,0
302707,592,35,0,0,2102,0,114,95,107,0
302708,719,25,0,0,1790,0,159,104,159,0
302709,461,29,0,0,2038,0,76,85,121,0
302801,4080,148,0,0,2881,0,759,399,347,0
302802,452,24,0,0,819,0,86,56,81,0
302803,795,38,0,0,990,0,132,92,125,0
302804,557,23,0,0,756,0,125,82,84,0
302805,1265,60,0,0,968,0,192,92,86,0
302806,261,10,0,0,337,0,57,43,40,0
302807,1146,35,0,0,1445,0,193,153,162,0
302901,1199,74,0,0,1920,0,187,144,195,0
302902,1313,50,0,0,1526,0,187,172,193,0
302903,4950,157,0,0,3573,0,579,510,534,0
303001,429,25,0,0,946,0,59,65,164,0
303002,1041,46,0,0,1574,0,213,142,206,0
303003,898,37,0,0,999,0,219,83,139,0
303004,520,30,0,0,1177,0,98,73,140,0
303005,6551,254,0,0,6399,0,1130,684,995,0
303101,3005,109,0,0,1983,0,568,314,260,0
303102,1238,49,0,0,1228,0,197,127,147,0
303103,835,42,0,0,882,0,183,101,115,0
303104,492,27,0,0,667,0,85,47,70,0
303105,830,45,0,0,971,0,183,88,94,0
303106,331,13,0,0,339,0,51,46,38,0
303107,461,17,0,0,668,0,94,91,86,0
303108,909,47,0,0,1050,0,169,99,106,0
306101,17477,535,0,0,13500,0,3260,1716,1515,0
306201,11472,366,0,0,11940,0,2168,1260,1026,0
306301,11695,353,0,0,6663,0,1981,1116,828,0
306401,124414,4533,0,0,55945,0,25129,10447,9049,0
320101,3665,86,0,0,2615,0,586,249,161,0
320102,595,15,0,0,718,0,119,49,37,0
320103,899,24,0,0,936,0,151,81,45,0
320104,690,24,0,0,720,0,165,61,49,0
320201,490,17,0,0,592,0,71,32,83,0
320202,3044,72,0,0,2361,0,412,185,157,0
320203,568,12,0,0,535,0,88,53,36,0
320204,339,9,0,0,362,0,48,21,43,0
320205,571,30,0,0,850,0,71,66,30,0
320206,446,16,0,0,588,0,41,52,45,0
320301,1399,42,0,0,1236,0,258,113,88,0
320302,2398,87,0,0,1798,0,394,163,158,0
320303,775,25,0,0,822,0,141,123,121,0
320305,497,15,0,0,524,0,99,53,55,0
320306,2095,76,0,0,2164,0,312,186,125,0
320402,5948,134,0,0,4309,0,917,495,349,0
320403,751,20,0,0,998,0,91,81,57,0
320404,3438,84,0,0,2951,0,473,207,175,0
320405,273,7,0,0,416,0,42,29,20,0
320406,477,23,0,0,702,0,50,43,29,0
320407,515,14,0,0,449,0,92,40,46,0
320501,322,5,0,0,418,0,38,27,19,0
320502,3569,59,0,0,2512,0,450,190,145,0
320503,462,9,0,0,511,0,56,37,31,0
320504,894,21,0,0,1054,0,112,76,68,0
320507,1554,20,0,0,1091,0,166,98,42,0
320508,2634,62,0,0,2017,0,339,154,99,0
320601,538,12,0,0,754,0,103,47,35,0
320602,454,12,0,0,402,0,59,31,26,0
320603,1509,32,0,0,1721,0,230,147,81,0
320604,4768,101,0,0,4404,0,873,572,214,0
320605,758,35,0,0,866,0,102,68,74,0
320606,467,2,0,0,573,0,65,30,36,0
320607,374,5,0,0,634,0,56,66,27,0
320608,502,15,0,0,659,0,70,59,32,0
320609,508,13,0,0,626,0,79,37,33,0
320701,1354,17,0,0,775,0,199,76,50,0
320702,671,13,0,0,709,0,82,61,41,0
320703,2396,42,0,0,1663,0,299,154,81,0
320704,1438,40,0,0,956,0,172,81,62,0
320705,410,16,0,0,379,0,66,30,26,0
320706,1679,38,0,0,1494,0,219,131,77,0
320801,9975,149,0,0,6816,0,1594,540,355,0
320802,507,15,0,0,646,0,130,53,44,0
320803,530,20,0,0,617,0,98,50,29,0
320804,2124,34,0,0,1690,0,396,138,94,0
320805,437,8,0,0,489,0,75,32,27,0
320806,403,13,0,0,441,0,87,26,21,0
320807,1219,19,0,0,1088,0,164,55,34,0
320901,922,20,0,0,981,0,207,105,73,0
320902,1076,29,0,0,650,0,224,90,113,0
320903,856,35,0,0,1069,0,197,97,72,0
320904,1054,28,0,0,700,0,279,81,94,0
320905,1886,38,0,0,1458,0,249,107,114,0
320906,808,44,0,0,926,0,184,69,92,0
320907,1596,44,0,0,1484,0,418,157,151,0
320908,1211,23,0,0,786,0,275,86,116,0
321001,2547,63,0,0,2305,0,360,246,151,0
321002,332,10,0,0,333,0,50,39,20,0
321003,2662,54,0,0,2406,0,319,248,156,0
321004,2485,55,0,0,2414,0,294,171,117,0
321005,301,8,0,0,339,0,42,25,26,0
321101,5886,90,0,0,2140,0,866,372,270,0
321102,2407,50,0,0,1122,0,425,189,132,0
321103,289,6,0,0,183,0,54,24,13,0
321104,6320,179,0,0,5273,0,1128,651,387,0
321201,206,13,0,0,479,0,50,36,19,0
321202,185,5,0,0,401,0,29,30,15,0
321203,691,14,0,0,839,0,83,55,28,0
321204,464,13,0,0,665,0,52,35,31,0
321205,2329,53,0,0,3029,0,326,226,146,0
321206,176,10,0,0,544,0,47,37,20,0
321301,2710,44,0,0,1684,0,473,135,108,0
321302,1608,47,0,0,1603,0,444,167,140,0
321303,1208,16,0,0,1131,0,289,96,77,0
321304,537,16,0,0,844,0,166,43,53,0
321305,905,32,0,0,1131,0,237,66,44,0
321306,612,23,0,0,1025,0,240,74,71,0
321401,12078,271,0,0,8406,0,1616,1211,745,0
321402,649,12,0,0,729,0,96,57,24,0
321403,432,14,0,0,647,0,53,29,25,0
321404,617,30,0,0,934,0,117,63,56,0
321405,405,11,0,0,408,0,48,26,21,0
321406,1132,25,0,0,732,0,175,173,50,0
321408,231,8,0,0,503,0,42,21,22,0
321409,248,11,0,0,448,0,34,37,26,0
321410,1409,37,0,0,1557,0,250,165,104,0
321411,359,13,0,0,567,0,42,31,29,0
321501,6173,109,0,0,4943,0,757,492,264,0
321502,633,25,0,0,1015,0,85,77,50,0
321503,495,20,0,0,644,0,98,51,30,0
321504,1204,32,0,0,1204,0,216,103,65,0
321505,447,19,0,0,540,0,57,40,28,0
321506,680,30,0,0,1134,0,151,85,60,0
321601,2169,64,0,0,1666,0,407,171,120,0
321602,269,7,0,0,308,0,35,28,14,0
321603,1978,54,0,0,2094,0,346,135,133,0
321604,226,12,0,0,502,0,70,25,47,0
321605,408,18,0,0,365,0,92,37,29,0
321606,453,21,0,0,745,0,93,45,64,0
321701,4521,97,0,0,2616,0,665,294,259,0
321702,473,24,0,0,561,0,66,65,39,0
321703,698,21,0,0,470,0,127,51,50,0
321704,440,12,0,0,597,0,76,44,37,0
321705,1345,59,0,0,1319,0,216,117,131,0
321801,366,12,0,0,484,0,59,29,26,0
321802,2079,36,0,0,1596,0,236,108,90,0
321803,440,7,0,0,337,0,32,22,23,0
321804,898,35,0,0,876,0,107,50,48,0
321805,722,19,0,0,853,0,74,48,36,0
326101,21313,422,0,0,12273,0,3924,1430,1931,0
326201,77335,1613,0,0,50086,0,12235,6612,4118,0
326301,8682,178,0,0,4873,0,1050,581,385,0
